date,time,air_pressure (mbar),air_temperature (Celsius),dew_point_temperature (Celsius),relative_humidity (%),wind_speed (m s-1),wind_speed_of_gust (m s-1),wind_to_direction (degrees_true) 
2015-06-01,00:30:00,1015.917,26.47,-999.0,78.29,4.21,-999.0,227.5 
2015-06-01,01:00:00,1016.255639,26.61,-999.0,75.49,3.65,-999.0,244.6 
2015-06-01,02:30:00,1016.932917,26.82,-999.0,74.11,2.88,-999.0,244.1 
2015-06-01,03:00:00,1017.271556,26.83,-999.0,72.32,-999.0,-999.0,-999.0 
2015-06-01,03:30:00,-999.0,-999.0,-999.0,-999.0,2.26,-999.0,231.8 
2015-06-01,04:30:00,1017.271556,26.69,-999.0,76.28,2.76,-999.0,213.9 
2015-06-01,05:30:00,1016.932917,23.79,-999.0,88.8,4.26,-999.0,49.83 
2015-06-01,06:30:00,1016.255639,23.31,-999.0,87.0,4.44,-999.0,74.94 
2015-06-01,07:30:00,1015.917,22.97,-999.0,88.2,4.06,-999.0,72.0 
2015-06-01,08:30:00,1015.578361,22.43,-999.0,90.6,4.75,-999.0,61.08 
2015-06-01,09:30:00,1015.917,22.4,-999.0,92.0,4.44,-999.0,69.34 
2015-06-01,10:30:00,1016.255639,22.43,-999.0,92.3,3.84,-999.0,64.34 
2015-06-01,11:30:00,1016.594278,22.43,-999.0,92.9,4.04,-999.0,89.5 
2015-06-01,12:30:00,1016.932917,23.18,-999.0,95.6,2.27,-999.0,148.1 
2015-06-01,13:30:00,1017.610195,23.28,-999.0,94.0,2.68,-999.0,46.1 
2015-06-01,14:30:00,1017.948834,25.24,-999.0,79.88,1.75,-999.0,136.6 
2015-06-01,15:30:00,1017.948834,25.78,-999.0,80.1,1.19,-999.0,236.3 
2015-06-01,16:30:00,1017.948834,26.24,-999.0,77.72,1.05,-999.0,182.6 
2015-06-01,17:30:00,1017.271556,26.47,-999.0,76.63,3.25,-999.0,221.2 
2015-06-01,18:30:00,1016.932917,26.61,-999.0,72.98,2.5,-999.0,238.3 
2015-06-01,19:30:00,1016.594278,26.71,-999.0,72.2,1.4,-999.0,193.7 
2015-06-01,20:30:00,1016.255639,24.11,-999.0,83.4,5.93,-999.0,75.54 
2015-06-01,21:30:00,1015.917,24.66,-999.0,83.6,4.54,-999.0,84.3 
2015-06-01,22:00:00,1016.255639,25.16,-999.0,82.5,2.47,-999.0,96.9 
2015-06-01,23:30:00,1014.901083,25.76,-999.0,76.33,4.04,-999.0,173.3 
2015-06-02,00:00:00,1015.578361,-999.0,-999.0,-999.0,-999.0,-999.0,-999.0 
2015-06-02,00:30:00,-999.0,25.63,-999.0,77.82,3.66,-999.0,155.7 
2015-06-02,01:30:00,1015.578361,25.68,-999.0,81.2,3.64,-999.0,162.8 
2015-06-02,02:30:00,1016.255639,25.45,-999.0,83.8,3.59,-999.0,168.8 
2015-06-02,03:30:00,1016.255639,25.79,-999.0,83.2,3.41,-999.0,186.1 
2015-06-02,04:30:00,1016.594278,25.92,-999.0,82.3,3.0,-999.0,193.4 
2015-06-02,05:30:00,1016.255639,26.12,-999.0,79.34,3.36,-999.0,188.2 
2015-06-02,07:00:00,1015.578361,26.36,-999.0,74.49,2.41,-999.0,202.6 
2015-06-02,08:30:00,1015.239722,22.8,-999.0,96.2,3.13,-999.0,59.07 
2015-06-02,09:30:00,1014.901083,22.67,-999.0,96.8,3.11,-999.0,62.91 
2015-06-02,10:30:00,1014.562444,22.97,-999.0,97.2,2.39,-999.0,52.51 
2015-06-02,11:30:00,1014.901083,23.18,-999.0,95.4,2.6,-999.0,27.76 
2015-06-02,12:30:00,1015.578361,22.74,-999.0,95.9,3.96,-999.0,52.35 
2015-06-02,13:30:00,1016.255639,22.97,-999.0,94.5,2.76,-999.0,90.5 
2015-06-02,14:30:00,1016.255639,24.77,-999.0,87.4,3.4,-999.0,357.2 
2015-06-02,15:30:00,1016.255639,25.59,-999.0,82.0,2.61,-999.0,322.7 
2015-06-02,16:00:00,1015.917,25.93,-999.0,82.2,3.02,-999.0,301.4 
2015-06-02,17:00:00,1015.917,24.58,-999.0,78.29,5.06,-999.0,126.9 
2015-06-02,18:30:00,1015.239722,25.81,-999.0,77.66,2.03,-999.0,123.5 
2015-06-02,19:30:00,1014.562444,26.61,-999.0,73.38,2.12,-999.0,229.4 
2015-06-02,20:30:00,1013.885166,27.08,-999.0,65.43,2.38,-999.0,215.8 
2015-06-02,21:30:00,1013.546527,26.75,-999.0,74.87,4.33,-999.0,161.8 
2015-06-02,22:30:00,1013.207888,26.47,-999.0,75.35,4.92,-999.0,156.9 
2015-06-02,23:30:00,1012.869249,26.27,-999.0,77.28,5.08,-999.0,176.9 
2015-06-03,00:00:00,1012.869249,26.17,-999.0,-999.0,-999.0,-999.0,-999.0 
2015-06-03,00:30:00,-999.0,-999.0,-999.0,78.47,3.08,-999.0,182.1 
2015-06-03,01:00:00,1013.546527,-999.0,-999.0,-999.0,-999.0,-999.0,-999.0 
2015-06-03,01:30:00,-999.0,26.15,-999.0,78.55,3.31,-999.0,193.5 
2015-06-03,02:00:00,1013.207888,26.29,-999.0,76.89,-999.0,-999.0,-999.0 
2015-06-03,02:30:00,-999.0,-999.0,-999.0,-999.0,1.91,-999.0,214.3 
2015-06-03,03:00:00,1013.885166,26.22,-999.0,-999.0,-999.0,-999.0,-999.0 
2015-06-03,03:30:00,-999.0,-999.0,-999.0,77.88,1.93,-999.0,236.4 
2015-06-03,04:30:00,1013.885166,25.41,-999.0,73.34,0.11,-999.0,180.0 
2015-06-03,05:30:00,1013.546527,24.43,-999.0,90.8,2.56,-999.0,72.94 
2015-06-03,07:00:00,1013.546527,23.21,-999.0,95.9,3.63,-999.0,57.88 
2015-06-03,08:30:00,1012.53061,22.91,-999.0,95.7,3.88,-999.0,40.59 
2015-06-03,09:30:00,1012.869249,22.8,-999.0,94.6,2.94,-999.0,40.53 
2015-06-03,10:30:00,1013.207888,22.2,-999.0,94.8,3.81,-999.0,59.33 
2015-06-03,11:30:00,1013.546527,22.16,-999.0,96.3,4.12,-999.0,69.4 
2015-06-03,12:30:00,1013.885166,22.8,-999.0,93.1,3.54,-999.0,75.15 
2015-06-03,13:30:00,1014.562444,24.26,-999.0,86.4,2.19,-999.0,77.27 
2015-06-03,14:30:00,1014.223805,25.71,-999.0,79.23,0.91,-999.0,69.36 
2015-06-03,15:30:00,1014.223805,26.54,-999.0,71.62,0.13,-999.0,223.7 
2015-06-03,16:30:00,1013.885166,26.47,-999.0,70.78,1.64,-999.0,255.6 
2015-06-03,17:30:00,1013.885166,27.02,-999.0,70.0,2.04,-999.0,249.2 
2015-06-03,18:30:00,1013.546527,26.85,-999.0,74.13,2.93,-999.0,283.0 
2015-06-03,19:30:00,1013.207888,27.22,-999.0,72.37,3.56,-999.0,241.4 
2015-06-03,20:30:00,1012.53061,27.42,-999.0,71.42,3.33,-999.0,213.7 
2015-06-03,21:30:00,1012.53061,26.17,-999.0,75.55,4.91,-999.0,103.0 
2015-06-03,22:30:00,1011.853332,27.08,-999.0,75.35,3.21,-999.0,209.2 
2015-06-03,23:00:00,1011.853332,27.49,-999.0,-999.0,-999.0,-999.0,-999.0 
2015-06-03,23:30:00,-999.0,-999.0,-999.0,70.74,3.34,-999.0,230.4 
2015-06-04,00:00:00,1012.191971,27.46,-999.0,72.4,-999.0,-999.0,-999.0 
2015-06-04,00:30:00,-999.0,-999.0,-999.0,-999.0,2.71,-999.0,218.4 
2015-06-04,01:00:00,1012.53061,27.32,-999.0,68.98,-999.0,-999.0,-999.0 
2015-06-04,01:30:00,-999.0,-999.0,-999.0,-999.0,2.78,-999.0,241.0 
2015-06-04,02:00:00,1012.869249,27.39,-999.0,72.47,-999.0,-999.0,-999.0 
2015-06-04,02:30:00,-999.0,-999.0,-999.0,-999.0,3.21,-999.0,241.5 
2015-06-04,03:00:00,1013.546527,27.43,-999.0,74.5,-999.0,-999.0,-999.0 
2015-06-04,03:30:00,-999.0,-999.0,-999.0,-999.0,3.04,-999.0,289.5 
2015-06-04,04:00:00,1013.546527,27.05,-999.0,-999.0,-999.0,-999.0,-999.0 
2015-06-04,04:30:00,-999.0,-999.0,-999.0,73.45,3.79,-999.0,341.1 
2015-06-04,05:30:00,1013.546527,24.97,-999.0,87.6,3.05,-999.0,31.03 
2015-06-04,07:00:00,1013.546527,24.57,-999.0,87.3,4.1,-999.0,57.6 
2015-06-04,08:00:00,1013.207888,-999.0,-999.0,-999.0,-999.0,-999.0,-999.0 
2015-06-04,08:30:00,-999.0,24.3,-999.0,86.8,3.22,-999.0,72.14 
2015-06-04,09:30:00,1013.546527,22.67,-999.0,89.4,5.08,-999.0,65.26 
2015-06-04,10:30:00,1013.207888,22.77,-999.0,88.5,4.13,-999.0,69.87 
2015-06-04,11:30:00,1014.223805,22.84,-999.0,90.2,3.44,-999.0,56.36 
2015-06-04,12:30:00,1014.562444,23.35,-999.0,83.5,4.61,-999.0,54.86 
2015-06-04,13:30:00,1015.239722,24.91,-999.0,84.1,3.55,-999.0,60.3 
2015-06-04,14:30:00,1015.239722,26.31,-999.0,75.02,1.01,-999.0,152.9 
2015-06-04,15:30:00,1015.239722,26.47,-999.0,75.18,0.92,-999.0,255.8 
2015-06-04,16:30:00,1015.239722,26.51,-999.0,77.85,2.89,-999.0,286.5 
2015-06-04,17:30:00,1015.239722,26.61,-999.0,78.26,3.88,-999.0,298.4 
2015-06-04,18:30:00,1015.239722,27.19,-999.0,72.88,4.15,-999.0,287.0 
2015-06-04,19:30:00,1014.901083,28.0,-999.0,67.73,4.24,-999.0,271.9 
2015-06-04,20:30:00,1014.901083,29.18,-999.0,55.27,3.71,-999.0,265.9 
2015-06-04,21:30:00,1014.223805,28.81,-999.0,59.4,2.74,-999.0,198.5 
2015-06-05,14:30:00,1016.932917,26.62,-999.0,74.95,3.0,-999.0,28.48 
2015-06-05,15:00:00,1016.932917,-999.0,-999.0,-999.0,-999.0,-999.0,-999.0 
2015-06-05,15:30:00,-999.0,27.59,-999.0,69.49,2.4,-999.0,31.57 
2015-06-05,16:00:00,1017.271556,28.07,-999.0,-999.0,-999.0,-999.0,-999.0 
2015-06-05,16:30:00,-999.0,-999.0,-999.0,58.65,3.63,-999.0,340.3 
2015-06-05,17:00:00,1016.932917,29.05,-999.0,-999.0,-999.0,-999.0,-999.0 
2015-06-05,17:30:00,-999.0,-999.0,-999.0,70.91,4.98,-999.0,313.1 
2015-06-05,18:00:00,1016.255639,28.44,-999.0,-999.0,-999.0,-999.0,-999.0 
2015-06-05,18:30:00,-999.0,-999.0,-999.0,56.76,5.69,-999.0,329.0 
2015-06-05,19:00:00,1015.917,29.08,-999.0,-999.0,-999.0,-999.0,-999.0 
2015-06-05,19:30:00,-999.0,-999.0,-999.0,54.28,2.57,-999.0,331.8 
2015-06-05,20:00:00,1015.578361,29.49,-999.0,-999.0,-999.0,-999.0,-999.0 
2015-06-05,20:30:00,-999.0,-999.0,-999.0,56.15,3.75,-999.0,306.6 
2015-06-05,21:00:00,1014.562444,29.89,-999.0,-999.0,-999.0,-999.0,-999.0 
2015-06-05,21:30:00,-999.0,-999.0,-999.0,55.84,4.61,-999.0,311.6 
2015-06-05,22:00:00,1014.223805,30.74,-999.0,-999.0,-999.0,-999.0,-999.0 
2015-06-05,22:30:00,-999.0,-999.0,-999.0,43.75,5.13,-999.0,337.7 
2015-06-05,23:00:00,1013.885166,31.07,-999.0,42.26,-999.0,-999.0,-999.0 
2015-06-05,23:30:00,-999.0,-999.0,-999.0,-999.0,3.84,-999.0,12.07 
2015-06-06,00:00:00,1013.885166,30.64,-999.0,50.83,3.69,-999.0,15.28 
2015-06-06,01:00:00,1013.885166,29.62,-999.0,56.42,-999.0,-999.0,-999.0 
2015-06-06,01:30:00,-999.0,-999.0,-999.0,-999.0,4.5,-999.0,291.1 
2015-06-06,02:00:00,1014.223805,28.85,-999.0,67.25,4.51,-999.0,289.5 
2015-06-06,03:00:00,1014.901083,28.54,-999.0,72.43,-999.0,-999.0,-999.0 
2015-06-06,03:30:00,-999.0,-999.0,-999.0,-999.0,3.95,-999.0,293.9 
2015-06-06,04:00:00,1014.901083,28.51,-999.0,68.51,4.13,-999.0,306.3 
2015-06-06,05:00:00,1014.901083,27.93,-999.0,77.65,2.75,-999.0,338.2 
2015-06-06,06:00:00,1014.562444,27.33,-999.0,70.61,-999.0,-999.0,-999.0 
2015-06-06,06:30:00,-999.0,-999.0,-999.0,-999.0,2.37,-999.0,8.31 
2015-06-06,07:30:00,1014.223805,25.68,-999.0,70.97,2.11,-999.0,13.76 
2015-06-06,08:00:00,1013.885166,25.35,-999.0,72.49,-999.0,-999.0,-999.0 
2015-06-06,08:30:00,-999.0,-999.0,-999.0,-999.0,3.59,-999.0,33.94 
2015-06-06,09:00:00,1013.885166,25.14,-999.0,72.63,-999.0,-999.0,-999.0 
2015-06-06,09:30:00,-999.0,-999.0,-999.0,-999.0,4.1,-999.0,37.09 
2015-06-06,10:00:00,1014.223805,24.77,-999.0,76.42,-999.0,-999.0,-999.0 
2015-06-06,10:30:00,-999.0,-999.0,-999.0,-999.0,3.56,-999.0,46.29 
2015-06-06,11:00:00,1014.223805,24.87,-999.0,73.1,-999.0,-999.0,-999.0 
2015-06-06,11:30:00,-999.0,-999.0,-999.0,-999.0,3.45,-999.0,20.96 
2015-06-06,12:00:00,1014.901083,24.46,-999.0,77.71,-999.0,-999.0,-999.0 
2015-06-06,12:30:00,-999.0,-999.0,-999.0,-999.0,2.84,-999.0,356.4 
2015-06-06,13:00:00,1015.578361,25.55,-999.0,72.53,-999.0,-999.0,-999.0 
2015-06-06,13:30:00,-999.0,-999.0,-999.0,-999.0,1.3,-999.0,359.2 
2015-06-06,14:00:00,1015.578361,27.33,-999.0,67.6,-999.0,-999.0,-999.0 
2015-06-06,14:30:00,-999.0,-999.0,-999.0,-999.0,1.66,-999.0,4.101 
2015-06-06,15:00:00,1015.239722,28.2,-999.0,-999.0,-999.0,-999.0,-999.0 
2015-06-06,15:30:00,-999.0,-999.0,-999.0,67.22,3.03,-999.0,325.5 
2015-06-06,16:00:00,1015.239722,27.76,-999.0,74.6,-999.0,-999.0,-999.0 
2015-06-06,16:30:00,-999.0,-999.0,-999.0,-999.0,4.0,-999.0,300.2 
2015-06-06,17:00:00,1014.562444,27.96,-999.0,-999.0,-999.0,-999.0,-999.0 
2015-06-06,17:30:00,-999.0,-999.0,-999.0,72.3,5.26,-999.0,306.1 
2015-06-06,18:00:00,1014.223805,28.88,-999.0,-999.0,-999.0,-999.0,-999.0 
2015-06-06,18:30:00,-999.0,-999.0,-999.0,59.43,6.31,-999.0,308.5 
2015-06-06,19:00:00,1013.546527,29.59,-999.0,-999.0,-999.0,-999.0,-999.0 
2015-06-06,19:30:00,-999.0,-999.0,-999.0,53.37,7.28,-999.0,309.7 
2015-06-06,20:00:00,1013.207888,28.88,-999.0,-999.0,-999.0,-999.0,-999.0 
2015-06-06,20:30:00,-999.0,-999.0,-999.0,57.84,5.47,-999.0,327.9 
2015-06-06,21:30:00,1012.869249,29.96,-999.0,57.97,3.66,-999.0,355.1 
2015-06-06,22:00:00,1013.207888,-999.0,-999.0,-999.0,-999.0,-999.0,-999.0 
2015-06-06,22:30:00,-999.0,27.29,-999.0,76.63,4.83,-999.0,158.9 
2015-06-06,23:00:00,1012.869249,-999.0,-999.0,-999.0,-999.0,-999.0,-999.0 
2015-06-06,23:30:00,-999.0,28.1,-999.0,71.28,2.74,-999.0,166.8 
2015-06-07,00:00:00,1012.869249,27.83,-999.0,73.04,3.42,-999.0,193.1 
2015-06-07,01:00:00,1013.207888,28.64,-999.0,63.29,-999.0,-999.0,-999.0 
2015-06-07,01:30:00,-999.0,-999.0,-999.0,-999.0,2.23,-999.0,238.3 
2015-06-07,02:00:00,1013.207888,28.34,-999.0,72.13,2.92,-999.0,276.0 
2015-06-07,03:00:00,1013.885166,28.13,-999.0,76.4,3.33,-999.0,325.3 
2015-06-07,04:00:00,1013.885166,27.22,-999.0,85.0,2.67,-999.0,355.0 
2015-06-07,05:00:00,1013.885166,27.03,-999.0,81.9,-999.0,-999.0,-999.0 
2015-06-07,05:30:00,-999.0,-999.0,-999.0,-999.0,3.51,-999.0,353.9 
2015-06-07,07:00:00,1013.207888,25.85,-999.0,83.2,3.0,-999.0,22.79 
2015-06-07,08:00:00,1012.869249,25.24,-999.0,84.5,-999.0,-999.0,-999.0 
2015-06-07,08:30:00,-999.0,-999.0,-999.0,-999.0,4.14,-999.0,24.42 
2015-06-07,09:00:00,1012.869249,24.43,-999.0,88.3,-999.0,-999.0,-999.0 
2015-06-07,09:30:00,-999.0,-999.0,-999.0,-999.0,3.83,-999.0,34.75 
2015-06-07,10:00:00,1013.207888,23.99,-999.0,89.9,-999.0,-999.0,-999.0 
2015-06-07,10:30:00,-999.0,-999.0,-999.0,-999.0,3.7,-999.0,31.07 
2015-06-07,11:00:00,1014.223805,23.82,-999.0,89.7,-999.0,-999.0,-999.0 
2015-06-07,11:30:00,-999.0,-999.0,-999.0,-999.0,3.28,-999.0,43.85 
2015-06-07,12:00:00,1014.562444,24.26,-999.0,86.2,-999.0,-999.0,-999.0 
2015-06-07,12:30:00,-999.0,-999.0,-999.0,-999.0,2.86,-999.0,45.85 
2015-06-07,13:00:00,1015.239722,25.99,-999.0,76.39,-999.0,-999.0,-999.0 
2015-06-07,13:30:00,-999.0,-999.0,-999.0,-999.0,3.41,-999.0,67.31 
2015-06-07,14:00:00,1015.578361,27.9,-999.0,-999.0,-999.0,-999.0,-999.0 
2015-06-07,14:30:00,-999.0,-999.0,-999.0,65.09,2.08,-999.0,67.2 
2015-06-07,15:00:00,1015.917,29.45,-999.0,61.06,-999.0,-999.0,-999.0 
2015-06-07,15:30:00,-999.0,-999.0,-999.0,-999.0,1.67,-999.0,196.2 
2015-06-07,16:00:00,1015.917,29.32,-999.0,-999.0,-999.0,-999.0,-999.0 
2015-06-07,16:30:00,-999.0,-999.0,-999.0,69.66,4.6,-999.0,171.9 
2015-06-07,17:00:00,1015.578361,28.81,-999.0,72.94,4.68,-999.0,173.6 
2015-06-07,18:00:00,1015.239722,28.34,-999.0,-999.0,-999.0,-999.0,-999.0 
2015-06-07,18:30:00,-999.0,-999.0,-999.0,76.26,5.47,-999.0,168.9 
2015-06-07,19:00:00,1015.239722,28.41,-999.0,-999.0,-999.0,-999.0,-999.0 
2015-06-07,19:30:00,-999.0,-999.0,-999.0,73.65,5.14,-999.0,169.4 
2015-06-07,20:00:00,1015.239722,-999.0,-999.0,-999.0,-999.0,-999.0,-999.0 
2015-06-07,20:30:00,-999.0,28.27,-999.0,74.87,3.24,-999.0,158.4 
2015-06-07,21:30:00,1014.901083,28.54,-999.0,72.88,4.89,-999.0,161.2 
2015-06-07,22:30:00,1014.901083,28.51,-999.0,72.2,4.0,-999.0,162.0 
2015-06-07,23:00:00,1014.901083,28.51,-999.0,71.79,-999.0,-999.0,-999.0 
2015-06-07,23:30:00,-999.0,-999.0,-999.0,-999.0,4.83,-999.0,155.8 
2015-06-08,00:00:00,1014.901083,28.54,-999.0,69.05,-999.0,-999.0,-999.0 
2015-06-08,00:30:00,-999.0,-999.0,-999.0,-999.0,4.41,-999.0,160.0 
2015-06-08,01:00:00,1014.901083,27.96,-999.0,73.82,4.83,-999.0,158.1 
2015-06-08,02:00:00,1014.901083,27.86,-999.0,78.16,4.62,-999.0,164.8 
2015-06-08,03:00:00,1015.239722,27.59,-999.0,75.52,4.66,-999.0,169.9 
2015-06-08,04:00:00,1015.917,27.83,-999.0,71.32,4.54,-999.0,170.2 
2015-06-08,05:00:00,1015.917,27.69,-999.0,74.57,-999.0,-999.0,-999.0 
2015-06-08,05:30:00,-999.0,-999.0,-999.0,-999.0,4.78,-999.0,170.6 
2015-06-08,06:00:00,1015.917,27.59,-999.0,75.11,-999.0,-999.0,-999.0 
2015-06-08,06:30:00,-999.0,-999.0,-999.0,-999.0,4.12,-999.0,187.1 
2015-06-08,07:30:00,1015.578361,27.39,-999.0,75.45,4.52,-999.0,169.9 
2015-06-08,08:00:00,1015.917,27.39,-999.0,75.42,-999.0,-999.0,-999.0 
2015-06-08,08:30:00,-999.0,-999.0,-999.0,-999.0,3.13,-999.0,183.1 
2015-06-08,09:00:00,1015.917,27.43,-999.0,75.33,-999.0,-999.0,-999.0 
2015-06-08,09:30:00,-999.0,-999.0,-999.0,-999.0,2.72,-999.0,188.3 
2015-06-08,10:00:00,1015.917,25.51,-999.0,88.0,-999.0,-999.0,-999.0 
2015-06-08,10:30:00,-999.0,-999.0,-999.0,-999.0,2.05,-999.0,67.94 
2015-06-08,11:00:00,1016.255639,25.41,-999.0,-999.0,-999.0,-999.0,-999.0 
2015-06-08,11:30:00,-999.0,-999.0,-999.0,89.8,3.03,-999.0,71.92 
2015-06-08,12:00:00,1016.594278,24.97,-999.0,88.9,-999.0,-999.0,-999.0 
2015-06-08,12:30:00,-999.0,-999.0,-999.0,-999.0,3.55,-999.0,94.6 
2015-06-08,13:00:00,1016.932917,26.86,-999.0,-999.0,-999.0,-999.0,-999.0 
2015-06-08,13:30:00,-999.0,-999.0,-999.0,73.49,4.21,-999.0,165.6 
2015-06-08,14:00:00,1016.932917,27.66,-999.0,74.77,-999.0,-999.0,-999.0 
2015-06-08,14:30:00,-999.0,-999.0,-999.0,-999.0,4.64,-999.0,162.2 
2015-06-08,15:00:00,1016.932917,27.52,-999.0,-999.0,-999.0,-999.0,-999.0 
2015-06-08,15:30:00,-999.0,-999.0,-999.0,72.64,5.29,-999.0,184.0 
2015-06-08,16:00:00,1016.932917,-999.0,-999.0,-999.0,-999.0,-999.0,-999.0 
2015-06-08,16:30:00,-999.0,27.86,-999.0,76.3,4.63,-999.0,199.1 
2015-06-08,17:00:00,1016.932917,-999.0,-999.0,-999.0,-999.0,-999.0,-999.0 
2015-06-08,17:30:00,-999.0,28.2,-999.0,70.44,4.86,-999.0,201.9 
2015-06-08,18:30:00,1016.255639,27.96,-999.0,73.72,5.72,-999.0,200.4 
2015-06-08,19:30:00,1015.578361,27.83,-999.0,76.84,6.12,-999.0,206.6 
2015-06-08,20:30:00,1014.901083,28.0,-999.0,75.48,5.03,-999.0,197.4 
2015-06-08,21:30:00,1014.562444,28.27,-999.0,70.1,5.58,-999.0,205.4 
2015-06-08,22:30:00,1014.562444,28.3,-999.0,72.13,6.27,-999.0,219.4 
2015-06-08,23:30:00,1014.223805,28.1,-999.0,70.74,5.72,-999.0,217.7 
2015-06-09,00:30:00,1014.562444,28.27,-999.0,70.37,5.45,-999.0,216.8 
2015-06-09,01:30:00,1014.901083,28.44,-999.0,72.06,5.29,-999.0,215.1 
2015-06-09,02:30:00,1014.901083,28.34,-999.0,74.57,6.64,-999.0,204.0 
2015-06-09,03:30:00,1014.901083,28.34,-999.0,72.6,6.61,-999.0,210.5 
2015-06-09,04:30:00,1014.901083,28.27,-999.0,74.37,6.17,-999.0,223.9 
2015-06-09,05:30:00,1014.562444,28.1,-999.0,71.93,6.11,-999.0,218.6 
2015-06-09,07:00:00,1014.223805,28.03,-999.0,78.09,6.83,-999.0,220.0 
2015-06-09,08:30:00,1014.223805,27.49,-999.0,79.48,6.85,-999.0,253.1 
2015-06-09,09:30:00,1014.223805,26.55,-999.0,74.31,6.37,-999.0,270.2 
2015-06-09,10:30:00,1013.885166,27.17,-999.0,73.37,6.38,-999.0,213.1 
2015-06-09,11:30:00,1014.223805,27.33,-999.0,80.1,6.04,-999.0,291.3 
2015-06-09,12:00:00,1014.223805,26.89,-999.0,82.2,3.71,-999.0,289.8 
2015-06-09,13:30:00,1014.562444,28.1,-999.0,65.02,5.97,-999.0,272.5 
2015-06-09,14:30:00,1014.901083,26.25,-999.0,66.82,3.51,-999.0,283.5 
2015-06-09,15:30:00,1015.239722,24.06,-999.0,90.1,10.64,-999.0,287.4 
2015-06-09,16:30:00,1016.255639,-39.7,-999.0,163.5,6.19,-999.0,313.0 
2015-06-09,17:00:00,1014.901083,16.27,-999.0,132.0,3.12,-999.0,299.2 
2015-06-09,18:30:00,1012.53061,19.38,-999.0,79.84,4.25,-999.0,308.9 
2015-06-09,19:30:00,1012.869249,21.28,-999.0,72.7,3.86,-999.0,292.3 
2015-06-09,20:30:00,1012.869249,21.79,-999.0,74.56,3.21,-999.0,303.1 
2015-06-09,21:30:00,1012.869249,22.0,-999.0,75.52,2.49,-999.0,265.7 
2015-06-09,22:30:00,1012.869249,22.34,-999.0,66.92,1.04,-999.0,280.3 
2015-06-09,23:00:00,1012.53061,-999.0,-999.0,-999.0,-999.0,-999.0,-999.0 
2015-06-09,23:30:00,-999.0,22.0,-999.0,69.86,0.71,-999.0,226.5 
2015-06-10,00:30:00,1012.53061,22.17,-999.0,70.4,1.56,-999.0,261.7 
2015-06-10,01:30:00,1012.191971,22.32,-999.0,75.83,2.1,-999.0,242.1 
2015-06-10,02:30:00,1013.207888,22.67,-999.0,72.83,1.7,-999.0,265.3 
2015-06-10,03:00:00,1013.207888,22.7,-999.0,-999.0,-999.0,-999.0,-999.0 
2015-06-10,03:30:00,-999.0,-999.0,-999.0,72.12,1.78,-999.0,230.9 
2015-06-10,04:30:00,1013.885166,23.14,-999.0,75.03,2.39,-999.0,279.3 
2015-06-10,05:30:00,1012.869249,23.14,-999.0,72.9,2.8,-999.0,225.8 
2015-06-10,06:30:00,1012.53061,23.38,-999.0,66.94,3.18,-999.0,222.9 
2015-06-10,07:30:00,1011.853332,23.18,-999.0,73.61,4.19,-999.0,218.7 
2015-06-10,08:30:00,1011.853332,23.31,-999.0,73.51,3.46,-999.0,225.3 
2015-06-10,09:30:00,1012.53061,23.45,-999.0,72.29,2.52,-999.0,211.2 
2015-06-10,10:30:00,1012.869249,23.52,-999.0,74.02,1.84,-999.0,199.7 
2015-06-10,11:30:00,1013.207888,20.81,-999.0,94.9,2.8,-999.0,49.02 
2015-06-10,12:30:00,1013.546527,21.69,-999.0,91.3,3.41,-999.0,51.6 
2015-06-10,13:30:00,1013.885166,22.26,-999.0,87.9,2.45,-999.0,78.1 
2015-06-10,14:30:00,1013.885166,23.0,-999.0,82.2,2.45,-999.0,116.0 
2015-06-10,15:30:00,1014.223805,22.99,-999.0,81.1,2.4,-999.0,131.7 
2015-06-10,16:30:00,1014.223805,22.68,-999.0,85.0,3.37,-999.0,186.1 
2015-06-10,17:30:00,1013.885166,22.95,-999.0,80.4,3.61,-999.0,183.1 
2015-06-10,18:30:00,1013.207888,23.12,-999.0,79.28,4.27,-999.0,198.1 
2015-06-10,19:30:00,1012.53061,22.95,-999.0,82.7,4.11,-999.0,179.7 
2015-06-10,20:30:00,1011.853332,22.55,-999.0,87.7,3.74,-999.0,200.3 
2015-06-10,21:30:00,1010.837415,22.99,-999.0,82.4,2.26,-999.0,234.0 
2015-06-10,22:30:00,1010.837415,22.92,-999.0,81.0,1.84,-999.0,182.2 
2015-06-10,23:30:00,1011.853332,22.89,-999.0,83.8,4.03,-999.0,170.7 
2015-06-11,00:00:00,1012.191971,-999.0,-999.0,-999.0,-999.0,-999.0,-999.0 
2015-06-11,00:30:00,-999.0,22.92,-999.0,78.74,4.77,-999.0,166.1 
2015-06-11,01:30:00,1012.191971,23.14,-999.0,82.5,4.36,-999.0,186.3 
2015-06-11,02:00:00,1012.869249,-999.0,-999.0,-999.0,-999.0,-999.0,-999.0 
2015-06-11,02:30:00,-999.0,23.21,-999.0,85.1,4.8,-999.0,189.5 
2015-06-11,03:30:00,1013.207888,23.38,-999.0,86.9,5.71,-999.0,185.8 
2015-06-11,04:30:00,1013.546527,23.34,-999.0,86.6,5.67,-999.0,186.4 
2015-06-11,05:30:00,1012.869249,23.48,-999.0,83.4,5.19,-999.0,184.4 
2015-06-11,07:00:00,1012.53061,23.48,-999.0,84.5,5.21,-999.0,196.8 
2015-06-11,08:30:00,1012.53061,23.68,-999.0,81.4,4.77,-999.0,194.2 
2015-06-11,09:30:00,1012.869249,23.24,-999.0,84.6,3.94,-999.0,189.0 
2015-06-11,10:30:00,1013.546527,23.71,-999.0,82.0,4.38,-999.0,210.2 
2015-06-11,11:30:00,1014.223805,23.74,-999.0,81.8,3.26,-999.0,207.8 
2015-06-11,12:30:00,1014.562444,23.7,-999.0,82.9,3.21,-999.0,219.7 
2015-06-11,13:30:00,1014.901083,22.82,-999.0,75.65,6.29,-999.0,201.8 
2015-06-11,14:30:00,1014.901083,23.13,-999.0,81.7,2.99,-999.0,133.4 
2015-06-11,15:30:00,1015.917,21.38,-999.0,87.0,3.99,-999.0,58.0 
2015-06-11,16:30:00,1015.578361,20.16,-999.0,100.0,0.42,-999.0,94.5 
2015-06-11,17:30:00,1015.239722,22.3,-999.0,82.2,2.9,-999.0,81.9 
2015-06-11,18:30:00,1014.223805,22.75,-999.0,74.57,3.1,-999.0,56.05 
2015-06-11,19:30:00,1014.223805,22.99,-999.0,75.55,4.11,-999.0,171.8 
2015-06-11,20:30:00,1014.223805,22.21,-999.0,79.72,6.62,-999.0,154.1 
2015-06-11,21:00:00,1014.223805,22.68,-999.0,74.74,5.3,-999.0,150.6 
2015-06-11,22:30:00,1013.546527,22.45,-999.0,83.7,6.09,-999.0,155.8 
2015-06-11,23:30:00,1014.223805,22.65,-999.0,84.4,6.09,-999.0,151.1 
2015-06-12,00:00:00,1014.901083,22.65,-999.0,-999.0,-999.0,-999.0,-999.0 
2015-06-12,00:30:00,-999.0,-999.0,-999.0,87.5,5.84,-999.0,150.3 
2015-06-12,01:00:00,1014.223805,-999.0,-999.0,-999.0,-999.0,-999.0,-999.0 
2015-06-12,01:30:00,-999.0,22.36,-999.0,91.5,6.29,-999.0,186.8 
2015-06-12,02:30:00,1015.239722,22.73,-999.0,87.7,7.53,-999.0,183.3 
2015-06-12,03:30:00,1015.239722,23.01,-999.0,83.2,6.58,-999.0,185.9 
2015-06-12,04:30:00,1015.578361,23.11,-999.0,82.6,7.37,-999.0,191.9 
2015-06-12,05:00:00,1015.239722,23.11,-999.0,84.6,7.5,-999.0,194.1 
2015-06-12,07:00:00,1014.901083,23.14,-999.0,84.5,7.38,-999.0,191.2 
2015-06-12,08:30:00,1015.239722,23.0,-999.0,84.2,5.57,-999.0,193.0 
2015-06-12,09:30:00,1015.239722,22.97,-999.0,85.6,5.42,-999.0,186.8 
2015-06-12,10:00:00,1015.239722,-999.0,-999.0,-999.0,-999.0,-999.0,-999.0 
2015-06-12,10:30:00,-999.0,22.94,-999.0,83.1,4.49,-999.0,185.2 
2015-06-12,11:30:00,1016.594278,23.21,-999.0,80.9,5.01,-999.0,171.8 
2015-06-12,12:30:00,1017.271556,23.1,-999.0,83.1,6.74,-999.0,164.1 
2015-06-12,13:30:00,1017.610195,23.22,-999.0,79.34,6.93,-999.0,154.1 
2015-06-12,14:00:00,1017.948834,23.12,-999.0,83.5,6.92,-999.0,152.3 
2015-06-12,15:30:00,1017.948834,23.53,-999.0,82.0,5.68,-999.0,147.8 
2015-06-12,16:30:00,1017.610195,23.8,-999.0,78.46,6.09,-999.0,134.7 
2015-06-12,17:30:00,1017.610195,23.77,-999.0,84.6,6.4,-999.0,143.6 
2015-06-12,18:30:00,1017.610195,23.87,-999.0,81.2,6.82,-999.0,150.4 
2015-06-12,19:30:00,1017.610195,23.66,-999.0,77.79,6.7,-999.0,160.7 
2015-06-12,20:30:00,1017.271556,23.7,-999.0,82.8,6.15,-999.0,159.6 
2015-06-12,21:30:00,1017.271556,23.73,-999.0,82.7,6.58,-999.0,161.3 
2015-06-12,22:30:00,1017.610195,23.7,-999.0,81.0,5.21,-999.0,158.5 
2015-06-12,23:30:00,1017.610195,23.63,-999.0,82.9,4.85,-999.0,157.1 
2015-06-13,00:30:00,1017.610195,23.87,-999.0,84.2,5.47,-999.0,147.7 
2015-06-13,01:00:00,1018.287473,24.0,-999.0,81.3,5.58,-999.0,140.9 
2015-06-13,02:00:00,1018.626112,-999.0,-999.0,-999.0,-999.0,-999.0,-999.0 
2015-06-13,02:30:00,-999.0,23.33,-999.0,88.8,4.32,-999.0,116.3 
2015-06-13,03:30:00,1018.964751,23.51,-999.0,88.7,5.29,-999.0,119.7 
2015-06-13,04:00:00,1018.964751,23.64,-999.0,89.9,5.12,-999.0,122.0 
2015-06-13,05:00:00,1018.626112,23.37,-999.0,91.4,4.97,-999.0,116.1 
2015-06-13,06:30:00,1017.610195,23.74,-999.0,91.4,7.34,-999.0,135.0 
2015-06-13,07:30:00,1017.271556,23.73,-999.0,90.6,7.52,-999.0,141.3 
2015-06-13,08:30:00,1017.271556,23.67,-999.0,91.2,8.33,-999.0,148.0 
2015-06-13,09:30:00,1017.610195,23.53,-999.0,91.1,7.37,-999.0,153.3 
2015-06-13,10:30:00,1017.610195,23.63,-999.0,91.2,7.03,-999.0,146.6 
2015-06-13,11:30:00,1017.948834,23.6,-999.0,91.8,6.89,-999.0,160.1 
2015-06-13,12:30:00,1017.948834,23.63,-999.0,92.2,6.46,-999.0,147.7 
2015-06-13,13:30:00,1018.626112,23.73,-999.0,90.6,7.57,-999.0,150.1 
2015-06-13,14:30:00,1018.287473,23.8,-999.0,89.7,6.83,-999.0,131.3 
2015-06-13,15:30:00,1018.287473,23.9,-999.0,86.3,7.37,-999.0,132.2 
2015-06-13,16:30:00,1019.30339,23.8,-999.0,86.3,7.02,-999.0,145.9 
2015-06-13,17:30:00,1018.964751,23.97,-999.0,86.6,7.94,-999.0,142.6 
2015-06-13,18:30:00,1018.626112,24.0,-999.0,85.2,7.91,-999.0,140.9 
2015-06-13,19:30:00,1018.287473,24.04,-999.0,86.7,7.63,-999.0,144.7 
2015-06-13,20:30:00,1017.610195,24.04,-999.0,84.5,8.25,-999.0,142.2 
2015-06-13,21:30:00,1017.610195,23.97,-999.0,84.1,8.43,-999.0,150.1 
2015-06-13,22:30:00,1017.271556,23.87,-999.0,89.2,8.47,-999.0,154.7 
2015-06-13,23:30:00,1017.271556,22.51,-999.0,81.9,8.29,-999.0,149.7 
2015-06-14,00:00:00,1017.610195,23.49,-999.0,-999.0,-999.0,-999.0,-999.0 
2015-06-14,00:30:00,-999.0,-999.0,-999.0,88.4,6.61,-999.0,141.1 
2015-06-14,01:30:00,1018.287473,23.13,-999.0,94.0,3.76,-999.0,106.2 
2015-06-14,02:00:00,1018.287473,23.77,-999.0,90.5,-999.0,-999.0,-999.0 
2015-06-14,02:30:00,-999.0,-999.0,-999.0,-999.0,7.71,-999.0,141.5 
2015-06-14,03:00:00,1018.964751,23.66,-999.0,-999.0,-999.0,-999.0,-999.0 
2015-06-14,03:30:00,-999.0,-999.0,-999.0,85.9,6.65,-999.0,139.7 
2015-06-14,04:30:00,1018.626112,23.36,-999.0,90.7,7.4,-999.0,143.0 
2015-06-14,05:30:00,1017.948834,23.46,-999.0,91.8,8.11,-999.0,142.5 
2015-06-14,07:00:00,1017.271556,23.29,-999.0,90.8,7.03,-999.0,139.9 
2015-06-14,08:30:00,1016.932917,23.26,-999.0,89.4,6.65,-999.0,143.5 
2015-06-14,09:30:00,1017.271556,23.13,-999.0,89.3,4.9,-999.0,141.4 
2015-06-14,10:30:00,1017.610195,21.95,-999.0,97.4,2.7,-999.0,81.9 
2015-06-14,11:00:00,1017.610195,21.65,-999.0,100.0,2.46,-999.0,83.9 
2015-06-14,12:30:00,1018.287473,22.47,-999.0,98.3,3.49,-999.0,94.8 
2015-06-14,13:30:00,1018.626112,23.5,-999.0,88.9,5.38,-999.0,129.8 
2015-06-14,14:30:00,1018.964751,23.6,-999.0,84.0,6.5,-999.0,130.8 
2015-06-14,15:30:00,1018.964751,23.97,-999.0,81.6,7.33,-999.0,131.3 
2015-06-14,16:30:00,1018.964751,23.94,-999.0,81.6,8.47,-999.0,131.6 
2015-06-14,17:30:00,1018.964751,23.83,-999.0,84.5,8.25,-999.0,132.3 
2015-06-14,18:30:00,1018.626112,23.97,-999.0,81.8,7.29,-999.0,130.5 
2015-06-14,19:30:00,1018.287473,23.8,-999.0,83.8,7.8,-999.0,141.7 
2015-06-14,20:30:00,1017.948834,24.14,-999.0,83.3,7.08,-999.0,142.8 
2015-06-14,21:30:00,1017.610195,24.04,-999.0,80.7,7.2,-999.0,142.7 
2015-06-14,22:30:00,1016.932917,23.73,-999.0,84.3,7.5,-999.0,144.0 
2015-06-14,23:30:00,1016.932917,23.73,-999.0,85.3,6.69,-999.0,132.4 
2015-06-15,00:00:00,1016.932917,23.56,-999.0,86.1,-999.0,-999.0,-999.0 
2015-06-15,00:30:00,-999.0,-999.0,-999.0,-999.0,6.8,-999.0,128.4 
2015-06-15,01:30:00,1016.932917,23.46,-999.0,85.8,7.54,-999.0,136.0 
2015-06-15,02:00:00,1017.610195,23.49,-999.0,-999.0,-999.0,-999.0,-999.0 
2015-06-15,02:30:00,-999.0,-999.0,-999.0,88.2,6.49,-999.0,142.3 
2015-06-15,03:00:00,1017.948834,23.5,-999.0,-999.0,-999.0,-999.0,-999.0 
2015-06-15,03:30:00,-999.0,-999.0,-999.0,90.6,5.54,-999.0,132.1 
2015-06-15,04:30:00,1018.626112,23.16,-999.0,91.1,3.87,-999.0,107.8 
2015-06-15,05:30:00,1018.287473,22.62,-999.0,93.1,3.8,-999.0,99.9 
2015-06-15,06:30:00,1017.948834,22.09,-999.0,98.2,2.73,-999.0,98.0 
2015-06-15,07:30:00,1017.610195,21.72,-999.0,98.9,2.79,-999.0,77.12 
2015-06-15,08:00:00,1017.271556,-999.0,-999.0,-999.0,-999.0,-999.0,-999.0 
2015-06-15,08:30:00,-999.0,21.21,-999.0,100.0,3.61,-999.0,77.85 
2015-06-15,09:30:00,1016.594278,20.91,-999.0,100.0,3.81,-999.0,87.6 
2015-06-15,10:30:00,1017.271556,20.67,-999.0,100.0,2.84,-999.0,69.55 
2015-06-15,11:00:00,1017.271556,20.57,-999.0,100.0,4.1,-999.0,72.33 
2015-06-15,12:30:00,1018.287473,21.65,-999.0,100.0,4.27,-999.0,83.9 
2015-06-15,13:30:00,1018.964751,23.51,-999.0,89.6,5.07,-999.0,116.2 
2015-06-16,15:00:00,1020.319307,23.46,-999.0,87.1,4.0,-999.0,164.7 
2015-06-16,16:00:00,1020.319307,23.66,-999.0,-999.0,-999.0,-999.0,-999.0 
2015-06-16,16:30:00,-999.0,-999.0,-999.0,85.7,5.76,-999.0,165.4 
2015-06-16,17:00:00,1020.657946,23.56,-999.0,85.5,-999.0,-999.0,-999.0 
2015-06-16,17:30:00,-999.0,-999.0,-999.0,-999.0,5.77,-999.0,165.5 
2015-06-16,18:00:00,1020.319307,-999.0,-999.0,-999.0,-999.0,-999.0,-999.0 
2015-06-16,18:30:00,-999.0,23.49,-999.0,87.7,6.64,-999.0,163.8 
2015-06-16,19:00:00,1019.980668,23.63,-999.0,-999.0,-999.0,-999.0,-999.0 
2015-06-16,19:30:00,-999.0,-999.0,-999.0,87.3,7.01,-999.0,163.7 
2015-06-16,20:00:00,1019.30339,23.56,-999.0,86.7,-999.0,-999.0,-999.0 
2015-06-16,20:30:00,-999.0,-999.0,-999.0,-999.0,5.78,-999.0,165.4 
2015-06-16,21:00:00,1018.964751,23.6,-999.0,82.7,-999.0,-999.0,-999.0 
2015-06-16,21:30:00,-999.0,-999.0,-999.0,-999.0,4.5,-999.0,184.2 
2015-06-16,22:00:00,1018.626112,23.49,-999.0,87.2,-999.0,-999.0,-999.0 
2015-06-16,22:30:00,-999.0,-999.0,-999.0,-999.0,4.29,-999.0,165.3 
2015-06-16,23:00:00,1018.287473,23.12,-999.0,88.9,4.46,-999.0,165.1 
2015-06-17,00:00:00,1018.287473,22.75,-999.0,87.7,4.33,-999.0,169.0 
2015-06-17,01:00:00,1018.626112,22.85,-999.0,86.8,4.22,-999.0,180.4 
2015-06-17,02:00:00,1018.964751,23.09,-999.0,89.8,3.59,-999.0,187.2 
2015-06-17,03:00:00,1019.30339,23.26,-999.0,85.4,2.82,-999.0,197.1 
2015-06-17,04:00:00,1019.642029,23.12,-999.0,88.3,3.26,-999.0,181.2 
2015-06-17,05:00:00,1019.642029,23.19,-999.0,88.5,1.5,-999.0,170.1 
2015-06-17,07:00:00,1018.964751,22.39,-999.0,98.8,1.27,-999.0,95.8 
2015-06-17,08:00:00,1018.626112,21.55,-999.0,100.0,2.93,-999.0,80.1 
2015-06-17,09:00:00,1018.626112,21.52,-999.0,100.0,-999.0,-999.0,-999.0 
2015-06-17,09:30:00,-999.0,-999.0,-999.0,-999.0,2.67,-999.0,84.0 
2015-06-17,10:00:00,1018.626112,21.72,-999.0,100.0,2.6,-999.0,100.1 
2015-06-17,11:00:00,1019.30339,21.31,-999.0,100.0,2.19,-999.0,86.4 
2015-06-17,12:00:00,1019.642029,21.42,-999.0,100.0,-999.0,-999.0,-999.0 
2015-06-17,12:30:00,-999.0,-999.0,-999.0,-999.0,1.82,-999.0,80.1 
2015-06-17,13:00:00,1019.642029,22.59,-999.0,95.3,2.83,-999.0,103.6 
2015-06-17,14:00:00,1019.980668,23.09,-999.0,85.1,2.43,-999.0,140.5 
2015-06-17,17:30:00,-999.0,-999.0,-999.0,-999.0,4.54,-999.0,178.3 
2015-06-17,18:00:00,1019.980668,23.6,-999.0,84.9,-999.0,-999.0,-999.0 
2015-06-17,18:30:00,-999.0,-999.0,-999.0,-999.0,4.96,-999.0,182.1 
2015-06-17,19:00:00,1019.30339,23.43,-999.0,-999.0,-999.0,-999.0,-999.0 
2015-06-17,19:30:00,-999.0,-999.0,-999.0,84.9,4.76,-999.0,168.6 
2015-06-17,20:00:00,1018.964751,-999.0,-999.0,-999.0,-999.0,-999.0,-999.0 
2015-06-17,20:30:00,-999.0,23.63,-999.0,83.0,4.96,-999.0,172.0 
2015-06-17,21:00:00,1018.287473,23.73,-999.0,-999.0,-999.0,-999.0,-999.0 
2015-06-17,21:30:00,-999.0,-999.0,-999.0,81.6,4.69,-999.0,179.6 
2015-06-17,22:00:00,1017.948834,23.6,-999.0,78.94,-999.0,-999.0,-999.0 
2015-06-17,22:30:00,-999.0,-999.0,-999.0,-999.0,4.29,-999.0,180.9 
2015-06-17,23:00:00,1017.610195,23.53,-999.0,83.4,4.02,-999.0,182.2 
2015-06-18,00:00:00,1017.271556,23.39,-999.0,79.92,3.71,-999.0,192.1 
2015-06-18,01:00:00,1017.610195,23.29,-999.0,84.5,3.77,-999.0,186.3 
2015-06-18,02:00:00,1017.610195,23.7,-999.0,83.6,3.58,-999.0,191.9 
2015-06-18,03:00:00,1018.287473,23.8,-999.0,81.6,3.18,-999.0,184.4 
2015-06-18,04:00:00,1018.626112,23.87,-999.0,83.1,3.64,-999.0,188.8 
2015-06-18,05:00:00,1018.626112,23.77,-999.0,85.6,3.68,-999.0,191.5 
2015-06-18,07:00:00,1018.287473,23.9,-999.0,84.2,3.18,-999.0,186.7 
2015-06-18,08:00:00,1018.287473,23.9,-999.0,86.6,3.09,-999.0,203.0 
2015-06-18,09:00:00,1017.948834,23.73,-999.0,85.4,3.31,-999.0,207.8 
2015-06-18,10:00:00,1017.948834,23.94,-999.0,85.6,3.05,-999.0,192.2 
2015-06-18,11:00:00,1018.287473,24.0,-999.0,82.1,2.55,-999.0,196.3 
2015-06-18,12:00:00,1018.626112,24.0,-999.0,82.2,-999.0,-999.0,-999.0 
2015-06-18,12:30:00,-999.0,-999.0,-999.0,-999.0,2.52,-999.0,171.7 
2015-06-18,13:00:00,1018.964751,24.1,-999.0,83.6,-999.0,-999.0,-999.0 
2015-06-18,13:30:00,-999.0,-999.0,-999.0,-999.0,2.59,-999.0,178.0 
2015-06-18,14:00:00,1019.642029,24.27,-999.0,84.9,3.1,-999.0,168.7 
2015-06-18,15:00:00,1019.980668,24.17,-999.0,84.7,2.98,-999.0,161.7 
2015-06-18,16:00:00,1020.319307,24.38,-999.0,81.7,2.99,-999.0,182.4 
2015-06-18,17:00:00,1020.319307,24.44,-999.0,82.2,-999.0,-999.0,-999.0 
2015-06-18,17:30:00,-999.0,-999.0,-999.0,-999.0,4.91,-999.0,238.8 
2015-06-18,18:00:00,1020.319307,24.07,-999.0,81.6,-999.0,-999.0,-999.0 
2015-06-18,18:30:00,-999.0,-999.0,-999.0,-999.0,3.7,-999.0,224.7 
2015-06-18,19:00:00,1019.642029,24.38,-999.0,-999.0,-999.0,-999.0,-999.0 
2015-06-18,19:30:00,-999.0,-999.0,-999.0,77.55,4.34,-999.0,215.6 
2015-06-18,20:00:00,1018.964751,24.41,-999.0,79.58,4.01,-999.0,211.4 
2015-06-18,21:00:00,1017.948834,24.61,-999.0,77.79,-999.0,-999.0,-999.0 
2015-06-18,21:30:00,-999.0,-999.0,-999.0,-999.0,5.03,-999.0,202.8 
2015-06-18,22:00:00,1017.610195,24.61,-999.0,78.23,5.19,-999.0,212.1 
2015-06-18,23:00:00,1016.932917,24.78,-999.0,78.46,-999.0,-999.0,-999.0 
2015-06-18,23:30:00,-999.0,-999.0,-999.0,-999.0,5.14,-999.0,203.8 
2015-06-19,00:00:00,1016.594278,24.78,-999.0,76.97,5.31,-999.0,209.8 
2015-06-19,01:00:00,1017.271556,24.88,-999.0,75.31,4.53,-999.0,201.4 
2015-06-19,02:00:00,1017.610195,25.02,-999.0,81.9,4.64,-999.0,194.9 
2015-06-19,03:00:00,1017.948834,25.09,-999.0,79.55,4.49,-999.0,195.2 
2015-06-19,04:00:00,1018.626112,25.05,-999.0,77.35,-999.0,-999.0,-999.0 
2015-06-19,04:30:00,-999.0,-999.0,-999.0,-999.0,4.21,-999.0,212.8 
2015-06-19,05:00:00,1018.626112,25.46,-999.0,80.2,4.61,-999.0,204.8 
2015-06-19,07:00:00,1017.948834,25.29,-999.0,81.3,4.93,-999.0,201.1 
2015-06-19,08:00:00,1017.610195,25.29,-999.0,84.6,-999.0,-999.0,-999.0 
2015-06-19,08:30:00,-999.0,-999.0,-999.0,-999.0,6.12,-999.0,214.0 
2015-06-19,09:00:00,1017.610195,25.09,-999.0,80.9,6.43,-999.0,218.4 
2015-06-19,10:00:00,1017.610195,25.19,-999.0,84.2,6.03,-999.0,214.1 
2015-06-19,11:00:00,1017.948834,25.22,-999.0,80.1,-999.0,-999.0,-999.0 
2015-06-19,11:30:00,-999.0,-999.0,-999.0,-999.0,5.3,-999.0,227.5 
2015-06-19,12:00:00,1018.626112,24.82,-999.0,80.5,-999.0,-999.0,-999.0 
2015-06-19,12:30:00,-999.0,-999.0,-999.0,-999.0,5.98,-999.0,228.0 
2015-06-19,13:00:00,1019.30339,25.32,-999.0,75.79,5.8,-999.0,239.1 
2015-06-19,14:00:00,1019.642029,25.43,-999.0,76.67,-999.0,-999.0,-999.0 
2015-06-19,14:30:00,-999.0,-999.0,-999.0,-999.0,5.42,-999.0,220.4 
2015-06-19,15:00:00,1019.642029,25.19,-999.0,-999.0,-999.0,-999.0,-999.0 
2015-06-19,15:30:00,-999.0,-999.0,-999.0,77.55,4.41,-999.0,251.1 
2015-06-19,16:30:00,1019.30339,25.36,-999.0,76.67,4.13,-999.0,242.0 
2015-06-19,17:00:00,1019.30339,25.43,-999.0,-999.0,-999.0,-999.0,-999.0 
2015-06-19,17:30:00,-999.0,-999.0,-999.0,80.8,4.64,-999.0,232.5 
2015-06-19,18:00:00,1018.964751,25.66,-999.0,74.94,-999.0,-999.0,-999.0 
2015-06-19,18:30:00,-999.0,-999.0,-999.0,-999.0,5.28,-999.0,229.0 
2015-06-19,19:00:00,1018.626112,25.63,-999.0,-999.0,-999.0,-999.0,-999.0 
2015-06-19,19:30:00,-999.0,-999.0,-999.0,81.1,5.44,-999.0,226.2 
2015-06-19,20:30:00,1017.948834,25.83,-999.0,79.21,6.17,-999.0,227.9 
2015-06-19,21:30:00,1017.610195,25.8,-999.0,71.86,6.57,-999.0,227.5 
2015-06-19,22:00:00,1017.610195,25.76,-999.0,-999.0,-999.0,-999.0,-999.0 
2015-06-19,22:30:00,-999.0,-999.0,-999.0,75.28,6.63,-999.0,222.7 
2015-06-19,23:00:00,1016.932917,26.03,-999.0,74.4,-999.0,-999.0,-999.0 
2015-06-19,23:30:00,-999.0,-999.0,-999.0,-999.0,6.17,-999.0,226.6 
2015-06-20,00:30:00,1016.932917,25.87,-999.0,77.45,7.06,-999.0,226.6 
2015-06-20,01:00:00,1016.932917,26.0,-999.0,-999.0,-999.0,-999.0,-999.0 
2015-06-20,01:30:00,-999.0,-999.0,-999.0,80.1,7.01,-999.0,235.3 
2015-06-20,02:00:00,1017.610195,25.93,-999.0,79.34,-999.0,-999.0,-999.0 
2015-06-20,02:30:00,-999.0,-999.0,-999.0,-999.0,6.26,-999.0,235.3 
2015-06-20,03:00:00,1017.948834,26.03,-999.0,80.7,-999.0,-999.0,-999.0 
2015-06-20,03:30:00,-999.0,-999.0,-999.0,-999.0,6.61,-999.0,229.3 
2015-06-20,04:30:00,1018.626112,25.43,-999.0,81.1,7.18,-999.0,233.4 
2015-06-20,05:00:00,1018.287473,-999.0,-999.0,-999.0,-999.0,-999.0,-999.0 
2015-06-20,05:30:00,-999.0,25.49,-999.0,80.3,7.18,-999.0,224.0 
2015-06-20,06:30:00,1017.948834,25.76,-999.0,80.6,7.43,-999.0,229.5 
2015-06-20,07:00:00,1017.948834,25.83,-999.0,-999.0,-999.0,-999.0,-999.0 
2015-06-20,07:30:00,-999.0,-999.0,-999.0,80.0,7.33,-999.0,242.1 
2015-06-20,08:30:00,1017.271556,25.66,-999.0,81.9,7.46,-999.0,246.0 
2015-06-20,09:30:00,1017.610195,25.59,-999.0,79.48,7.69,-999.0,251.7 
2015-06-20,10:30:00,1017.948834,25.43,-999.0,80.8,7.4,-999.0,266.8 
2015-06-20,11:30:00,1018.287473,25.43,-999.0,80.4,6.63,-999.0,266.6 
2015-06-20,12:30:00,1018.964751,25.56,-999.0,78.36,5.43,-999.0,262.9 
2015-06-20,13:30:00,1018.964751,24.78,-999.0,84.5,4.7,-999.0,317.1 
2015-06-20,14:30:00,1019.30339,24.71,-999.0,85.0,4.07,-999.0,313.3 
2015-06-20,15:30:00,1019.980668,25.19,-999.0,79.82,5.39,-999.0,279.4 
2015-06-20,16:30:00,1019.980668,25.56,-999.0,75.14,5.02,-999.0,270.6 
2015-06-20,17:30:00,1019.980668,25.66,-999.0,70.98,6.24,-999.0,264.6 
2015-06-20,18:30:00,1019.642029,25.53,-999.0,78.67,5.92,-999.0,256.7 
2015-06-20,19:30:00,1019.30339,25.83,-999.0,71.79,7.4,-999.0,248.8 
2015-06-20,20:30:00,1018.964751,26.07,-999.0,72.27,7.37,-999.0,254.4 
2015-06-20,21:30:00,1018.626112,26.14,-999.0,76.16,7.35,-999.0,253.1 
2015-06-20,22:30:00,1017.610195,26.0,-999.0,75.82,6.84,-999.0,249.8 
2015-06-20,23:30:00,1017.610195,26.1,-999.0,74.84,7.23,-999.0,251.2 
2015-06-21,00:00:00,1017.948834,26.1,-999.0,77.11,7.13,-999.0,256.2 
2015-06-21,01:00:00,1017.610195,26.24,-999.0,82.5,-999.0,-999.0,-999.0 
2015-06-21,01:30:00,-999.0,-999.0,-999.0,-999.0,5.54,-999.0,244.9 
2015-06-21,02:00:00,1018.287473,26.44,-999.0,79.0,-999.0,-999.0,-999.0 
2015-06-21,02:30:00,-999.0,-999.0,-999.0,-999.0,5.89,-999.0,254.8 
2015-06-21,03:00:00,1018.626112,26.51,-999.0,78.39,-999.0,-999.0,-999.0 
2015-06-21,03:30:00,-999.0,-999.0,-999.0,-999.0,6.33,-999.0,248.6 
2015-06-21,04:00:00,1018.964751,26.44,-999.0,-999.0,-999.0,-999.0,-999.0 
2015-06-21,04:30:00,-999.0,-999.0,-999.0,79.68,6.5,-999.0,246.6 
2015-06-21,05:00:00,1018.626112,-999.0,-999.0,-999.0,-999.0,-999.0,-999.0 
2015-06-21,05:30:00,-999.0,26.31,-999.0,80.8,6.16,-999.0,256.5 
2015-06-21,07:30:00,1017.948834,25.76,-999.0,85.7,6.71,-999.0,255.6 
2015-06-21,08:30:00,1017.948834,25.66,-999.0,88.8,7.04,-999.0,257.8 
2015-06-21,09:30:00,1018.626112,25.73,-999.0,89.2,6.48,-999.0,262.1 
2015-06-21,10:30:00,1018.964751,25.46,-999.0,90.3,6.12,-999.0,263.0 
2015-06-21,11:30:00,1019.30339,25.43,-999.0,91.0,5.67,-999.0,307.7 
2015-06-21,12:30:00,1019.980668,25.22,-999.0,91.1,6.06,-999.0,311.6 
2015-06-21,13:30:00,1020.996585,25.09,-999.0,90.6,4.76,-999.0,325.7 
2015-06-21,14:30:00,1020.657946,25.15,-999.0,87.7,5.84,-999.0,324.1 
2015-06-21,15:30:00,1020.996585,24.95,-999.0,87.8,4.6,-999.0,307.1 
2015-06-21,16:00:00,1020.996585,25.09,-999.0,86.0,4.29,-999.0,288.4 
2015-06-21,17:30:00,1020.319307,25.53,-999.0,82.8,4.01,-999.0,291.7 
2015-06-21,18:00:00,1020.319307,25.7,-999.0,81.4,3.69,-999.0,271.2 
2015-06-21,19:30:00,1019.30339,25.43,-999.0,86.1,5.06,-999.0,250.6 
2015-06-21,20:30:00,1018.626112,25.36,-999.0,85.8,6.38,-999.0,250.3 
2015-06-21,21:30:00,1017.948834,25.39,-999.0,85.9,6.78,-999.0,252.2 
2015-06-21,22:30:00,1018.287473,25.46,-999.0,84.0,7.17,-999.0,251.0 
2015-06-21,23:30:00,1018.287473,25.43,-999.0,86.5,6.76,-999.0,266.7 
2015-06-22,00:00:00,1018.626112,25.63,-999.0,84.9,7.01,-999.0,278.8 
2015-06-22,01:00:00,1018.626112,25.83,-999.0,83.2,6.51,-999.0,285.0 
2015-06-22,02:00:00,1018.964751,25.49,-999.0,76.87,-999.0,-999.0,-999.0 
2015-06-22,02:30:00,-999.0,-999.0,-999.0,-999.0,6.61,-999.0,301.6 
2015-06-22,03:00:00,1018.626112,24.75,-999.0,69.39,-999.0,-999.0,-999.0 
2015-06-22,03:30:00,-999.0,-999.0,-999.0,-999.0,5.74,-999.0,321.9 
2015-06-22,04:30:00,1019.30339,24.85,-999.0,78.56,3.48,-999.0,339.9 
2015-06-22,05:00:00,1019.642029,25.22,-999.0,74.33,-999.0,-999.0,-999.0 
2015-06-22,05:30:00,-999.0,-999.0,-999.0,-999.0,1.57,-999.0,79.11 
2015-06-22,06:30:00,1019.642029,24.62,-999.0,82.5,0.53,-999.0,40.41 
2015-06-22,07:00:00,1019.30339,24.73,-999.0,-999.0,-999.0,-999.0,-999.0 
2015-06-22,07:30:00,-999.0,-999.0,-999.0,82.1,2.81,-999.0,338.9 
2015-06-22,08:30:00,1019.30339,24.42,-999.0,83.3,3.22,-999.0,352.4 
2015-06-22,09:00:00,1018.964751,23.2,-999.0,-999.0,-999.0,-999.0,-999.0 
2015-06-22,09:30:00,-999.0,-999.0,-999.0,87.6,2.1,-999.0,24.6 
2015-06-22,10:00:00,1019.30339,22.6,-999.0,-999.0,-999.0,-999.0,-999.0 
2015-06-22,10:30:00,-999.0,-999.0,-999.0,87.6,1.97,-999.0,40.74 
2015-06-22,11:30:00,1019.980668,22.97,-999.0,88.7,1.82,-999.0,29.51 
2015-06-22,12:30:00,1020.319307,23.96,-999.0,79.23,3.15,-999.0,355.4 
2015-06-22,13:30:00,1020.657946,25.53,-999.0,69.39,2.25,-999.0,43.81 
2015-06-22,14:30:00,1020.657946,26.14,-999.0,64.92,1.9,-999.0,19.89 
2015-06-22,15:30:00,1020.319307,26.41,-999.0,68.03,1.53,-999.0,318.1 
2015-06-22,16:30:00,1020.319307,26.24,-999.0,71.42,3.7,-999.0,279.3 
2015-06-22,17:30:00,1019.980668,26.24,-999.0,73.25,2.85,-999.0,268.4 
2015-06-22,18:30:00,1019.980668,26.85,-999.0,73.79,2.91,-999.0,267.1 
2015-06-22,19:30:00,1019.30339,27.32,-999.0,67.56,3.62,-999.0,239.7 
2015-06-22,20:30:00,1019.30339,27.63,-999.0,63.36,4.07,-999.0,255.5 
2015-06-22,21:30:00,1018.626112,27.89,-999.0,67.22,3.4,-999.0,260.2 
2015-06-22,22:00:00,1018.626112,27.69,-999.0,66.16,3.45,-999.0,254.9 
2015-06-22,23:00:00,1018.287473,27.49,-999.0,-999.0,-999.0,-999.0,-999.0 
2015-06-22,23:30:00,-999.0,-999.0,-999.0,65.22,3.06,-999.0,261.8 
2015-06-23,00:00:00,1018.964751,27.46,-999.0,72.57,-999.0,-999.0,-999.0 
2015-06-23,00:30:00,-999.0,-999.0,-999.0,-999.0,9.6,-999.0,341.7 
2015-06-23,01:00:00,1018.626112,25.66,-999.0,72.57,-999.0,-999.0,-999.0 
2015-06-23,01:30:00,-999.0,-999.0,-999.0,-999.0,2.15,-999.0,346.4 
2015-06-23,02:00:00,1018.964751,26.31,-999.0,73.38,4.34,-999.0,341.7 
2015-06-23,03:00:00,1019.30339,26.14,-999.0,70.64,-999.0,-999.0,-999.0 
2015-06-23,03:30:00,-999.0,-999.0,-999.0,-999.0,2.0,-999.0,347.5 
2015-06-23,04:00:00,1019.642029,25.76,-999.0,-999.0,-999.0,-999.0,-999.0 
2015-06-23,04:30:00,-999.0,-999.0,-999.0,82.5,0.83,-999.0,47.56 
2015-06-23,05:00:00,1019.642029,25.43,-999.0,83.5,-999.0,-999.0,-999.0 
2015-06-23,05:30:00,-999.0,-999.0,-999.0,-999.0,1.58,-999.0,25.5 
2015-06-23,06:00:00,1019.642029,26.58,-999.0,-999.0,-999.0,-999.0,-999.0 
2015-06-23,06:30:00,-999.0,-999.0,-999.0,74.13,3.57,-999.0,307.8 
2015-06-23,07:30:00,1019.30339,26.1,-999.0,76.16,4.37,-999.0,322.8 
2015-06-23,08:00:00,1018.964751,-999.0,-999.0,-999.0,-999.0,-999.0,-999.0 
2015-06-23,08:30:00,-999.0,25.53,-999.0,76.16,3.6,-999.0,358.7 
2015-06-23,09:30:00,1019.642029,25.12,-999.0,81.5,2.14,-999.0,10.8 
2015-06-23,10:30:00,1019.642029,25.57,-999.0,81.5,3.8,-999.0,346.4 
2015-06-23,11:00:00,1019.642029,-999.0,-999.0,-999.0,-999.0,-999.0,-999.0 
2015-06-23,11:30:00,-999.0,25.49,-999.0,81.9,3.46,-999.0,350.5 
2015-06-23,12:00:00,1020.657946,25.19,-999.0,-999.0,-999.0,-999.0,-999.0 
2015-06-23,12:30:00,-999.0,-999.0,-999.0,84.2,2.77,-999.0,349.4 
2015-06-23,13:00:00,1020.657946,25.36,-999.0,84.2,-999.0,-999.0,-999.0 
2015-06-23,13:30:00,-999.0,-999.0,-999.0,-999.0,0.71,-999.0,310.5 
2015-06-23,14:30:00,1020.996585,26.07,-999.0,78.06,0.66,-999.0,259.0 
2015-06-23,15:00:00,1020.996585,25.8,-999.0,-999.0,-999.0,-999.0,-999.0 
2015-06-23,15:30:00,-999.0,-999.0,-999.0,81.4,1.15,-999.0,269.7 
2015-06-23,16:30:00,1020.996585,26.03,-999.0,83.1,2.54,-999.0,241.8 
2015-06-23,17:30:00,1020.657946,26.95,-999.0,79.38,3.17,-999.0,251.2 
2015-06-23,18:30:00,1020.319307,27.46,-999.0,78.39,4.36,-999.0,238.2 
2015-06-23,19:30:00,1019.642029,26.07,-999.0,73.92,3.55,-999.0,147.4 
2015-06-23,20:30:00,1018.964751,26.03,-999.0,83.5,0.82,-999.0,102.8 
2015-06-23,21:30:00,1018.964751,27.15,-999.0,70.47,5.13,-999.0,274.0 
2015-06-23,22:30:00,1018.964751,27.42,-999.0,73.42,2.43,-999.0,312.3 
2015-06-23,23:00:00,1018.964751,27.25,-999.0,74.84,-999.0,-999.0,-999.0 
2015-06-23,23:30:00,-999.0,-999.0,-999.0,-999.0,1.25,-999.0,320.8 
2015-06-24,00:00:00,1019.30339,27.05,-999.0,74.03,-999.0,-999.0,-999.0 
2015-06-24,00:30:00,-999.0,-999.0,-999.0,-999.0,1.74,-999.0,37.97 
2015-06-24,01:00:00,1019.30339,26.92,-999.0,78.7,-999.0,-999.0,-999.0 
2015-06-24,01:30:00,-999.0,-999.0,-999.0,-999.0,1.31,-999.0,51.67 
2015-06-24,02:00:00,1019.980668,25.56,-999.0,88.1,-999.0,-999.0,-999.0 
2015-06-24,02:30:00,-999.0,-999.0,-999.0,-999.0,2.17,-999.0,108.8 
2015-06-24,03:00:00,1019.980668,26.17,-999.0,89.1,-999.0,-999.0,-999.0 
2015-06-24,03:30:00,-999.0,-999.0,-999.0,-999.0,1.62,-999.0,38.29 
2015-06-24,04:00:00,1019.980668,25.49,-999.0,91.2,-999.0,-999.0,-999.0 
2015-06-24,04:30:00,-999.0,-999.0,-999.0,-999.0,2.1,-999.0,108.7 
2015-06-24,05:00:00,1019.642029,27.08,-999.0,86.5,-999.0,-999.0,-999.0 
2015-06-24,05:30:00,-999.0,-999.0,-999.0,-999.0,5.48,-999.0,203.4 
2015-06-24,06:00:00,1019.30339,26.98,-999.0,-999.0,-999.0,-999.0,-999.0 
2015-06-24,06:30:00,-999.0,-999.0,-999.0,83.8,4.71,-999.0,219.9 
2015-06-24,07:00:00,1019.642029,26.1,-999.0,-999.0,-999.0,-999.0,-999.0 
2015-06-24,07:30:00,-999.0,-999.0,-999.0,70.54,4.91,-999.0,256.1 
2015-06-24,08:00:00,1019.30339,26.34,-999.0,66.1,2.78,-999.0,269.6 
2015-06-24,09:00:00,1019.642029,27.29,-999.0,69.83,-999.0,-999.0,-999.0 
2015-06-24,09:30:00,-999.0,-999.0,-999.0,-999.0,6.57,-999.0,337.5 
2015-06-24,10:00:00,1019.30339,-999.0,-999.0,-999.0,-999.0,-999.0,-999.0 
2015-06-24,10:30:00,-999.0,24.31,-999.0,79.55,9.33,-999.0,285.3 
2015-06-24,11:00:00,1020.319307,-999.0,-999.0,-999.0,-999.0,-999.0,-999.0 
2015-06-24,11:30:00,-999.0,22.19,-999.0,88.1,6.44,-999.0,38.41 
2015-06-24,12:00:00,1020.996585,-999.0,-999.0,-999.0,-999.0,-999.0,-999.0 
2015-06-24,12:30:00,-999.0,22.57,-999.0,85.5,5.23,-999.0,253.5 
2015-06-24,13:00:00,1021.673863,23.45,-999.0,-999.0,-999.0,-999.0,-999.0 
2015-06-24,13:30:00,-999.0,-999.0,-999.0,85.0,4.88,-999.0,208.7 
2015-06-24,14:30:00,1022.68978,22.4,-999.0,87.1,6.41,-999.0,137.4 
2015-06-24,15:30:00,1020.996585,22.4,-999.0,93.2,3.89,-999.0,166.9 
2015-06-24,16:30:00,1020.319307,23.58,-999.0,83.2,4.1,-999.0,242.0 
2015-06-24,17:30:00,1019.980668,23.8,-999.0,74.6,2.64,-999.0,343.9 
2015-06-24,18:30:00,1019.30339,23.83,-999.0,82.2,3.7,-999.0,301.2 
2015-06-24,20:30:00,1019.980668,25.39,-999.0,69.25,0.11,-999.0,250.2 
2015-06-24,22:30:00,1019.30339,24.68,-999.0,79.38,3.16,-999.0,234.9 
2015-06-25,00:00:00,1018.287473,23.53,-999.0,88.4,8.72,-999.0,317.4 
2015-06-25,02:00:00,1019.642029,23.11,-999.0,87.0,-999.0,-999.0,-999.0 
2015-06-25,02:30:00,-999.0,-999.0,-999.0,-999.0,1.93,-999.0,41.79 
2015-06-25,04:00:00,1019.980668,22.4,-999.0,91.0,-999.0,-999.0,-999.0 
2015-06-25,04:30:00,-999.0,-999.0,-999.0,-999.0,2.74,-999.0,23.6 
2015-06-25,06:00:00,1019.642029,22.09,-999.0,93.1,1.6,-999.0,34.96 
2015-06-25,08:00:00,1017.948834,21.65,-999.0,-999.0,-999.0,-999.0,-999.0 
2015-06-25,08:30:00,-999.0,-999.0,-999.0,92.2,0.67,-999.0,82.5 
2015-06-25,10:00:00,1016.932917,23.65,-999.0,88.5,-999.0,-999.0,-999.0 
2015-06-25,10:30:00,-999.0,-999.0,-999.0,-999.0,5.13,-999.0,178.4 
2015-06-25,12:30:00,1019.30339,24.15,-999.0,84.9,2.05,-999.0,265.5 
2015-06-25,14:30:00,1020.319307,21.69,-999.0,93.1,2.72,-999.0,35.89 
2015-06-25,15:00:00,1020.319307,21.62,-999.0,-999.0,-999.0,-999.0,-999.0 
2015-06-25,15:30:00,-999.0,-999.0,-999.0,93.6,1.59,-999.0,68.25 
2015-06-25,16:30:00,1020.319307,22.61,-999.0,82.4,2.32,-999.0,307.4 
2015-06-25,17:00:00,1020.319307,22.99,-999.0,81.6,-999.0,-999.0,-999.0 
2015-06-25,17:30:00,-999.0,-999.0,-999.0,-999.0,2.86,-999.0,322.7 
2015-06-25,18:30:00,1019.30339,22.92,-999.0,84.0,3.1,-999.0,271.6 
2015-06-25,19:00:00,1018.964751,22.92,-999.0,86.1,2.55,-999.0,289.2 
2015-06-25,20:00:00,1018.626112,-999.0,-999.0,-999.0,-999.0,-999.0,-999.0 
2015-06-25,20:30:00,-999.0,22.78,-999.0,86.1,4.59,-999.0,267.2 
2015-06-25,21:00:00,1017.948834,22.58,-999.0,-999.0,-999.0,-999.0,-999.0 
2015-06-25,21:30:00,-999.0,-999.0,-999.0,85.2,2.86,-999.0,288.0 
2015-06-25,22:00:00,1017.610195,-999.0,-999.0,-999.0,-999.0,-999.0,-999.0 
2015-06-25,22:30:00,-999.0,23.19,-999.0,78.09,1.79,-999.0,292.0 
2015-06-26,00:00:00,1016.594278,23.47,-999.0,79.21,3.64,-999.0,279.2 
2015-06-26,01:00:00,1017.271556,24.11,-999.0,81.9,4.81,-999.0,280.9 
2015-06-26,02:00:00,1016.932917,24.17,-999.0,83.0,5.65,-999.0,316.7 
2015-06-26,03:00:00,1017.271556,24.07,-999.0,86.2,4.12,-999.0,289.3 
2015-06-26,04:00:00,1016.932917,24.44,-999.0,81.7,-999.0,-999.0,-999.0 
2015-06-26,04:30:00,-999.0,-999.0,-999.0,-999.0,3.46,-999.0,236.8 
2015-06-26,05:00:00,1016.255639,24.48,-999.0,85.7,2.97,-999.0,226.6 
2015-06-26,07:00:00,1015.917,24.21,-999.0,86.8,6.12,-999.0,281.2 
2015-06-26,08:00:00,1015.578361,23.77,-999.0,84.2,6.99,-999.0,310.1 
2015-06-26,09:00:00,1015.917,23.37,-999.0,85.0,-999.0,-999.0,-999.0 
2015-06-26,09:30:00,-999.0,-999.0,-999.0,-999.0,8.18,-999.0,305.2 
2015-06-26,10:00:00,1016.594278,23.78,-999.0,76.38,6.79,-999.0,301.2 
2015-06-26,11:00:00,1016.932917,23.68,-999.0,80.0,-999.0,-999.0,-999.0 
2015-06-26,11:30:00,-999.0,-999.0,-999.0,-999.0,5.94,-999.0,310.4 
2015-06-26,12:00:00,1017.948834,23.55,-999.0,-999.0,-999.0,-999.0,-999.0 
2015-06-26,12:30:00,-999.0,-999.0,-999.0,78.78,6.32,-999.0,300.9 
2015-06-26,13:00:00,1018.287473,23.27,-999.0,77.84,-999.0,-999.0,-999.0 
2015-06-26,13:30:00,-999.0,-999.0,-999.0,-999.0,6.19,-999.0,310.6 
2015-06-26,14:00:00,1018.287473,23.26,-999.0,79.93,-999.0,-999.0,-999.0 
2015-06-26,14:30:00,-999.0,-999.0,-999.0,-999.0,5.35,-999.0,313.8 
2015-06-26,15:00:00,1018.626112,23.8,-999.0,-999.0,-999.0,-999.0,-999.0 
2015-06-26,15:30:00,-999.0,-999.0,-999.0,72.37,3.31,-999.0,298.8 
2015-06-26,16:00:00,1018.287473,24.21,-999.0,72.98,-999.0,-999.0,-999.0 
2015-06-26,16:30:00,-999.0,-999.0,-999.0,-999.0,2.38,-999.0,249.6 
2015-06-26,17:00:00,1017.948834,24.27,-999.0,73.18,1.93,-999.0,256.3 
2015-06-26,18:00:00,1017.271556,24.54,-999.0,78.56,-999.0,-999.0,-999.0 
2015-06-26,18:30:00,-999.0,-999.0,-999.0,-999.0,3.95,-999.0,259.4 
2015-06-26,19:00:00,1016.594278,24.82,-999.0,75.58,-999.0,-999.0,-999.0 
2015-06-26,19:30:00,-999.0,-999.0,-999.0,-999.0,6.5,-999.0,243.3 
2015-06-26,20:00:00,1016.255639,25.12,-999.0,75.58,-999.0,-999.0,-999.0 
2015-06-26,20:30:00,-999.0,-999.0,-999.0,-999.0,6.23,-999.0,248.2 
2015-06-26,21:30:00,1015.239722,25.46,-999.0,76.16,7.38,-999.0,230.7 
2015-06-26,22:00:00,1015.239722,25.39,-999.0,78.29,-999.0,-999.0,-999.0 
2015-06-26,22:30:00,-999.0,-999.0,-999.0,-999.0,7.23,-999.0,244.5 
2015-06-26,23:00:00,1015.578361,25.43,-999.0,78.43,7.53,-999.0,245.5 
2015-06-27,00:00:00,1015.239722,25.46,-999.0,81.9,-999.0,-999.0,-999.0 
2015-06-27,00:30:00,-999.0,-999.0,-999.0,-999.0,7.94,-999.0,259.1 
2015-06-27,01:00:00,1014.901083,25.66,-999.0,79.65,-999.0,-999.0,-999.0 
2015-06-27,01:30:00,-999.0,-999.0,-999.0,-999.0,7.02,-999.0,246.5 
2015-06-27,02:00:00,1015.239722,25.7,-999.0,82.1,6.19,-999.0,253.3 
2015-06-27,03:00:00,1016.255639,25.97,-999.0,75.62,6.84,-999.0,251.1 
2015-06-27,04:00:00,1016.594278,26.03,-999.0,79.78,6.94,-999.0,249.6 
2015-06-27,05:00:00,1016.255639,25.87,-999.0,84.5,-999.0,-999.0,-999.0 
2015-06-27,05:30:00,-999.0,-999.0,-999.0,-999.0,11.0,-999.0,256.8 
2015-06-27,06:00:00,1015.578361,23.5,-999.0,92.8,8.67,-999.0,254.3 
2015-06-27,07:30:00,1014.901083,24.42,-999.0,88.4,5.59,-999.0,264.4 
2015-06-27,08:00:00,1014.562444,24.55,-999.0,87.7,6.44,-999.0,260.5 
2015-06-27,09:00:00,1014.562444,25.09,-999.0,85.1,9.38,-999.0,270.8 
2015-06-27,10:00:00,1015.239722,24.98,-999.0,83.1,9.09,-999.0,270.9 
2015-06-27,11:00:00,1015.578361,24.58,-999.0,90.5,8.5,-999.0,283.9 
2015-06-27,12:00:00,1015.578361,24.34,-999.0,89.0,-999.0,-999.0,-999.0 
2015-06-27,12:30:00,-999.0,-999.0,-999.0,-999.0,7.31,-999.0,281.5 
2015-06-27,13:00:00,1016.255639,24.09,-999.0,89.7,-999.0,-999.0,-999.0 
2015-06-27,13:30:00,-999.0,-999.0,-999.0,-999.0,7.51,-999.0,291.6 
2015-06-27,14:00:00,1016.594278,24.48,-999.0,88.2,-999.0,-999.0,-999.0 
2015-06-27,14:30:00,-999.0,-999.0,-999.0,-999.0,7.47,-999.0,278.6 
2015-06-27,15:00:00,1016.594278,24.17,-999.0,89.0,-999.0,-999.0,-999.0 
2015-06-27,15:30:00,-999.0,-999.0,-999.0,-999.0,10.38,-999.0,273.6 
2015-06-27,16:00:00,1016.594278,24.27,-999.0,84.4,-999.0,-999.0,-999.0 
2015-06-27,16:30:00,-999.0,-999.0,-999.0,-999.0,9.27,-999.0,268.9 
2015-06-27,17:00:00,1016.255639,24.24,-999.0,85.5,-999.0,-999.0,-999.0 
2015-06-27,17:30:00,-999.0,-999.0,-999.0,-999.0,8.9,-999.0,254.0 
2015-06-27,18:00:00,1015.578361,24.48,-999.0,86.7,-999.0,-999.0,-999.0 
2015-06-27,18:30:00,-999.0,-999.0,-999.0,-999.0,9.76,-999.0,246.4 
2015-06-27,19:00:00,1015.239722,24.58,-999.0,83.0,-999.0,-999.0,-999.0 
2015-06-27,19:30:00,-999.0,-999.0,-999.0,-999.0,9.75,-999.0,252.5 
2015-06-27,20:00:00,1014.562444,24.98,-999.0,82.8,9.51,-999.0,249.0 
2015-06-27,21:30:00,1014.562444,25.43,-999.0,81.0,10.08,-999.0,254.7 
2015-06-27,22:30:00,1014.901083,22.24,-999.0,84.6,7.07,-999.0,355.0 
2015-06-27,23:00:00,1014.901083,21.03,-999.0,95.1,4.89,-999.0,21.13 
2015-06-28,00:00:00,1014.562444,23.18,-999.0,73.61,4.1,-999.0,250.9 
2015-06-28,01:00:00,1014.223805,23.92,-999.0,81.6,3.22,-999.0,236.8 
2015-06-28,02:00:00,1014.901083,23.58,-999.0,88.7,3.89,-999.0,203.0 
2015-06-28,03:00:00,1015.239722,24.86,-999.0,80.4,6.49,-999.0,251.3 
2015-06-28,04:00:00,1015.239722,24.85,-999.0,84.6,-999.0,-999.0,-999.0 
2015-06-28,04:30:00,-999.0,-999.0,-999.0,-999.0,6.38,-999.0,247.9 
2015-06-28,05:00:00,1014.223805,24.71,-999.0,87.1,5.59,-999.0,252.2 
2015-06-28,06:00:00,1014.562444,23.94,-999.0,93.3,-999.0,-999.0,-999.0 
2015-06-28,06:30:00,-999.0,-999.0,-999.0,-999.0,8.31,-999.0,266.8 
2015-06-28,07:00:00,1014.223805,23.6,-999.0,92.0,-999.0,-999.0,-999.0 
2015-06-28,07:30:00,-999.0,-999.0,-999.0,-999.0,7.2,-999.0,316.9 
2015-06-28,08:00:00,1014.223805,22.92,-999.0,-999.0,-999.0,-999.0,-999.0 
2015-06-28,08:30:00,-999.0,-999.0,-999.0,90.6,8.75,-999.0,315.1 
2015-06-28,09:00:00,1013.885166,22.86,-999.0,86.8,-999.0,-999.0,-999.0 
2015-06-28,09:30:00,-999.0,-999.0,-999.0,-999.0,7.24,-999.0,296.8 
2015-06-28,10:00:00,1014.223805,22.53,-999.0,89.3,7.71,-999.0,299.7 
2015-06-28,11:00:00,1014.901083,22.09,-999.0,90.1,-999.0,-999.0,-999.0 
2015-06-28,11:30:00,-999.0,-999.0,-999.0,-999.0,5.25,-999.0,319.0 
2015-06-28,12:00:00,1015.239722,21.62,-999.0,93.8,-999.0,-999.0,-999.0 
2015-06-28,12:30:00,-999.0,-999.0,-999.0,-999.0,5.65,-999.0,328.5 
2015-06-28,13:00:00,1015.578361,21.08,-999.0,95.2,-999.0,-999.0,-999.0 
2015-06-28,13:30:00,-999.0,-999.0,-999.0,-999.0,3.71,-999.0,324.7 
2015-06-28,14:00:00,1016.255639,21.08,-999.0,-999.0,-999.0,-999.0,-999.0 
2015-06-28,14:30:00,-999.0,-999.0,-999.0,96.9,4.37,-999.0,298.4 
2015-06-28,15:00:00,1016.255639,20.77,-999.0,97.5,3.88,-999.0,289.4 
2015-06-28,16:00:00,1016.932917,20.96,-999.0,-999.0,-999.0,-999.0,-999.0 
2015-06-28,16:30:00,-999.0,-999.0,-999.0,95.9,3.98,-999.0,297.4 
2015-06-28,17:00:00,1016.594278,21.33,-999.0,93.4,-999.0,-999.0,-999.0 
2015-06-28,17:30:00,-999.0,-999.0,-999.0,-999.0,2.99,-999.0,324.3 
2015-06-28,18:00:00,1016.594278,21.36,-999.0,90.1,-999.0,-999.0,-999.0 
2015-06-28,18:30:00,-999.0,-999.0,-999.0,-999.0,2.5,-999.0,270.7 
2015-06-28,19:00:00,1016.594278,-999.0,-999.0,-999.0,-999.0,-999.0,-999.0 
2015-06-28,19:30:00,-999.0,19.52,-999.0,97.1,5.78,-999.0,261.2 
2015-06-28,20:00:00,1016.255639,19.69,-999.0,98.0,-999.0,-999.0,-999.0 
2015-06-28,20:30:00,-999.0,-999.0,-999.0,-999.0,1.55,-999.0,288.9 
2015-06-28,21:00:00,1015.239722,19.89,-999.0,93.8,-999.0,-999.0,-999.0 
2015-06-28,21:30:00,-999.0,-999.0,-999.0,-999.0,1.3,-999.0,231.7 
2015-06-28,22:00:00,1015.239722,21.45,-999.0,90.8,-999.0,-999.0,-999.0 
2015-06-28,22:30:00,-999.0,-999.0,-999.0,-999.0,3.44,-999.0,280.0 
2015-06-28,23:00:00,1015.239722,21.91,-999.0,86.7,3.46,-999.0,280.8 
2015-06-29,00:00:00,1015.239722,22.31,-999.0,85.5,5.03,-999.0,273.7 
2015-06-29,01:00:00,1014.562444,22.31,-999.0,86.9,2.82,-999.0,306.3 
2015-06-29,02:00:00,1015.239722,22.42,-999.0,88.0,3.9,-999.0,269.2 
2015-06-29,03:00:00,1015.578361,22.86,-999.0,87.7,5.29,-999.0,268.9 
2015-06-29,04:00:00,1015.917,22.72,-999.0,91.9,-999.0,-999.0,-999.0 
2015-06-29,04:30:00,-999.0,-999.0,-999.0,-999.0,5.04,-999.0,301.1 
2015-06-29,05:00:00,1015.578361,22.52,-999.0,88.3,4.4,-999.0,303.0 
2015-06-29,06:00:00,1015.239722,22.12,-999.0,88.6,-999.0,-999.0,-999.0 
2015-06-29,06:30:00,-999.0,-999.0,-999.0,-999.0,5.26,-999.0,305.1 
2015-06-29,07:30:00,1015.239722,21.69,-999.0,94.6,6.04,-999.0,314.7 
2015-06-29,08:00:00,1015.578361,21.75,-999.0,86.7,-999.0,-999.0,-999.0 
2015-06-29,08:30:00,-999.0,-999.0,-999.0,-999.0,5.61,-999.0,298.9 
2015-06-29,09:00:00,1015.578361,21.79,-999.0,90.4,-999.0,-999.0,-999.0 
2015-06-29,09:30:00,-999.0,-999.0,-999.0,-999.0,5.99,-999.0,296.7 
2015-06-29,10:00:00,1015.578361,21.11,-999.0,95.9,-999.0,-999.0,-999.0 
2015-06-29,10:30:00,-999.0,-999.0,-999.0,-999.0,4.58,-999.0,290.0 
2015-06-29,11:00:00,1016.255639,20.64,-999.0,99.7,-999.0,-999.0,-999.0 
2015-06-29,11:30:00,-999.0,-999.0,-999.0,-999.0,4.81,-999.0,285.7 
2015-06-29,12:00:00,1016.594278,20.64,-999.0,92.3,-999.0,-999.0,-999.0 
2015-06-29,12:30:00,-999.0,-999.0,-999.0,-999.0,6.42,-999.0,290.9 
2015-06-29,13:00:00,1017.271556,21.04,-999.0,90.6,-999.0,-999.0,-999.0 
2015-06-29,13:30:00,-999.0,-999.0,-999.0,-999.0,5.36,-999.0,303.5 
2015-06-29,14:00:00,1017.948834,21.0,-999.0,93.4,5.1,-999.0,299.5 
2015-06-29,15:00:00,1017.948834,21.53,-999.0,90.9,-999.0,-999.0,-999.0 
2015-06-29,15:30:00,-999.0,-999.0,-999.0,-999.0,3.77,-999.0,301.1 
2015-06-29,16:00:00,1018.287473,21.9,-999.0,88.9,-999.0,-999.0,-999.0 
2015-06-29,16:30:00,-999.0,-999.0,-999.0,-999.0,1.64,-999.0,290.4 
2015-06-29,17:00:00,1018.287473,22.04,-999.0,88.1,-999.0,-999.0,-999.0 
2015-06-29,17:30:00,-999.0,-999.0,-999.0,-999.0,4.51,-999.0,241.4 
2015-06-29,18:00:00,1017.948834,18.05,-999.0,-999.0,-999.0,-999.0,-999.0 
2015-06-29,18:30:00,1017.948834,20.94,-999.0,93.1,5.8,-999.0,232.8 
2015-06-30,01:00:00,1015.917,22.62,-999.0,85.7,4.25,-999.0,256.3 
2015-06-30,02:00:00,1016.255639,23.7,-999.0,73.18,4.73,-999.0,277.7 
2015-06-30,03:00:00,1016.932917,23.74,-999.0,79.96,3.86,-999.0,245.1 
2015-06-30,04:00:00,1017.271556,23.46,-999.0,81.1,-999.0,-999.0,-999.0 
2015-06-30,04:30:00,-999.0,-999.0,-999.0,-999.0,4.81,-999.0,223.4 
2015-06-30,05:00:00,1017.271556,22.99,-999.0,88.6,5.19,-999.0,226.0 
2015-06-30,06:00:00,1017.271556,22.96,-999.0,95.3,-999.0,-999.0,-999.0 
2015-06-30,06:30:00,-999.0,-999.0,-999.0,-999.0,7.4,-999.0,239.5 
2015-06-30,07:00:00,1017.271556,22.62,-999.0,98.8,-999.0,-999.0,-999.0 
2015-06-30,07:30:00,-999.0,-999.0,-999.0,-999.0,8.03,-999.0,247.6 
2015-06-30,08:00:00,1017.610195,22.92,-999.0,97.7,-999.0,-999.0,-999.0 
2015-06-30,08:30:00,-999.0,-999.0,-999.0,-999.0,8.38,-999.0,253.4 
2015-06-30,09:00:00,1017.610195,22.51,-999.0,99.5,-999.0,-999.0,-999.0 
2015-06-30,09:30:00,-999.0,-999.0,-999.0,-999.0,8.53,-999.0,255.0 
2015-06-30,10:00:00,1017.271556,22.48,-999.0,97.7,-999.0,-999.0,-999.0 
2015-06-30,10:30:00,-999.0,-999.0,-999.0,-999.0,7.6,-999.0,246.8 
2015-06-30,11:00:00,1017.271556,22.21,-999.0,98.3,7.83,-999.0,244.1 
2015-06-30,12:00:00,1017.948834,22.38,-999.0,99.6,-999.0,-999.0,-999.0 
2015-06-30,12:30:00,-999.0,-999.0,-999.0,-999.0,8.3,-999.0,260.3 
2015-06-30,13:00:00,1018.287473,22.45,-999.0,100.0,-999.0,-999.0,-999.0 
2015-06-30,13:30:00,-999.0,-999.0,-999.0,-999.0,8.43,-999.0,258.9 
2015-06-30,14:00:00,1018.964751,22.48,-999.0,-999.0,-999.0,-999.0,-999.0 
2015-06-30,14:30:00,-999.0,-999.0,-999.0,98.9,8.59,-999.0,263.9 
2015-06-30,15:00:00,1019.30339,22.55,-999.0,95.7,-999.0,-999.0,-999.0 
2015-06-30,15:30:00,-999.0,-999.0,-999.0,-999.0,8.59,-999.0,268.9 
2015-06-30,16:00:00,1018.964751,22.61,-999.0,95.5,-999.0,-999.0,-999.0 
2015-06-30,16:30:00,-999.0,-999.0,-999.0,-999.0,7.13,-999.0,279.8 
2015-06-30,17:00:00,1019.30339,22.85,-999.0,90.1,-999.0,-999.0,-999.0 
2015-06-30,17:30:00,-999.0,-999.0,-999.0,-999.0,7.04,-999.0,271.7 
2015-06-30,18:00:00,1018.964751,23.29,-999.0,-999.0,-999.0,-999.0,-999.0 
2015-06-30,18:30:00,-999.0,-999.0,-999.0,90.6,7.74,-999.0,265.4 
2015-06-30,19:00:00,1019.30339,22.99,-999.0,-999.0,-999.0,-999.0,-999.0 
2015-06-30,19:30:00,-999.0,-999.0,-999.0,75.65,12.54,-999.0,11.41 
2015-06-30,20:00:00,1018.626112,20.69,-999.0,75.29,-999.0,-999.0,-999.0 
2015-06-30,20:30:00,-999.0,-999.0,-999.0,-999.0,4.31,-999.0,29.65 
2015-06-30,21:00:00,1017.271556,23.63,-999.0,63.63,-999.0,-999.0,-999.0 
2015-06-30,21:30:00,-999.0,-999.0,-999.0,-999.0,0.97,-999.0,303.2 
2015-06-30,22:00:00,1016.932917,23.36,-999.0,67.52,4.65,-999.0,206.4 
2015-06-30,23:00:00,1017.610195,23.29,-999.0,74.06,5.69,-999.0,196.1 
