date,time,air_pressure,air_temperature,dew_point_temperature,relative_humidity,wind_speed,wind_speed_of_gust,wind_to_direction
2015-11-01,00:05:00,1029.66,26.99,-999,85.34,3.566,4.32,158.177
2015-11-01,00:35:00,1029.95,26.94,-999,86,3.212,3.927,155.93
2015-11-01,04:05:00,1030.09,26.65,-999,91.04,3.509,4.19,121.756
2015-11-01,04:35:00,1030.05,26.6,-999,91.21,3.698,4.4,123.256
2015-11-01,05:05:00,1029.8,26.49,-999,90.44,5.3,6.47,121.279
2015-11-01,05:35:00,1029.6,26.5,-999,86.13,5.237,6.177,126.395
2015-11-01,06:05:00,1029.43,26.51,-999,83.94,6.118,7.413,121.319
2015-11-01,06:35:00,1029.39,26.32,-999,85.04,6.144,7.537,125.872
2015-11-01,07:05:00,1029.39,26.33,-999,86.97,6.356,7.577,126.046
2015-11-01,07:35:00,1029.29,26.35,-999,88.19,6.988,8.55,134.844
2015-11-01,08:05:00,1029.12,25.99,-999,90.36,7.191,8.443,130.245
2015-11-01,08:35:00,1029.01,25.7,-999,91.85,7.497,8.733,129.128
2015-11-01,09:05:00,1029.11,25.81,-999,91.39,7,8.343,130.646
2015-11-01,09:35:00,1029,25.74,-999,90.65,7.332,8.553,128.866
2015-11-01,10:05:00,1029.21,26.12,-999,90.66,6.832,8.227,130.086
2015-11-01,10:35:00,1029.4,26.36,-999,90.7,7.424,8.82,140.285
2015-11-01,11:05:00,1029.34,26.28,-999,90.38,7.572,8.99,146.037
2015-11-01,11:35:00,1029.47,26.26,-999,90.72,7.096,8.77,142.474
2015-11-01,12:05:00,1029.77,26.28,-999,90.49,6.991,8.43,145.07
2015-11-01,12:35:00,1029.96,26.41,-999,90.32,7.007,8.387,146.777
2015-11-01,13:05:00,1030.1,26.53,-999,90.19,6.586,8.01,149.765
2015-11-01,13:35:00,1030.22,26.65,-999,88.07,6.985,8.437,155.184
2015-11-01,14:05:00,1030.33,26.73,-999,88.11,6.815,8.61,154.102
2015-11-01,14:35:00,1030.64,26.88,-999,88.11,6.985,8.447,153.817
2015-11-01,16:05:00,1030.36,26.88,-999,88.64,6.515,7.79,155.363
2015-11-01,16:35:00,1030.09,26.88,-999,88.6,6.381,7.557,155.95
2015-11-01,17:05:00,1029.72,26.93,-999,88.03,6.464,7.84,155.857
2015-11-01,17:35:00,1029.26,26.94,-999,87.67,6.922,8.14,158.215
2015-11-01,18:05:00,1029.14,26.99,-999,87.88,5.997,7.297,158.263
2015-11-01,18:35:00,1028.97,27.04,-999,88.12,5.494,6.503,160.666
2015-11-01,19:05:00,1028.73,27.09,-999,88.11,5.561,6.493,159
2015-11-01,19:35:00,1028.92,27.14,-999,88.12,5.791,6.867,159.23
2015-11-01,20:05:00,1028.99,27.31,-999,87.73,5.62,7.21,164.603
2015-11-01,20:35:00,1029.06,27.43,-999,86.77,5.266,6.32,170.98
2015-11-01,21:05:00,1029.43,27.46,-999,86.69,4.405,5.66,180.554
2015-11-01,21:35:00,1029.73,27.29,-999,87.79,4.248,5.12,183.109
2015-11-01,22:05:00,1029.73,27.54,-999,86.59,3.437,4.14,177.958
2015-11-01,22:35:00,1029.7,27.25,-999,88.18,3.916,4.79,175.451
2015-11-01,23:05:00,1029.67,27.2,-999,88.69,4.507,5.323,172.008
2015-11-01,23:35:00,1029.65,27.16,-999,89.64,4.736,5.567,169.912
2015-11-02,00:05:00,1029.69,27.16,-999,89.84,4.505,5.687,178.972
2015-11-02,00:35:00,1029.83,27.17,-999,89.81,4.279,5.34,183.043
2015-11-02,01:05:00,1030.07,27.2,-999,90.25,4.043,4.957,184.856
2015-11-02,01:35:00,1030.11,27.16,-999,90.61,3.774,4.803,182.251
2015-11-02,05:05:00,1029.21,26.74,-999,93.78,4.041,4.96,118.574
2015-11-02,05:35:00,1029.01,26.53,-999,94.19,4.906,5.82,129.132
2015-11-02,06:05:00,1028.89,26.54,-999,93.88,4.912,5.863,137.093
2015-11-02,06:35:00,1028.78,26.48,-999,93.98,5.117,6.48,139.146
2015-11-02,07:05:00,1028.85,26.54,-999,93.5,5.03,6.037,143.729
2015-11-02,07:35:00,1028.7,26.7,-999,92.28,4.947,6.147,149.045
2015-11-02,08:05:00,1028.78,26.67,-999,92.8,4.533,6.217,150.014
2015-11-02,08:35:00,1028.37,26.79,-999,91.46,6.422,7.78,158.222
2015-11-02,09:05:00,1028.37,26.9,-999,90.57,6.514,7.867,157.988
2015-11-02,09:35:00,1028.45,26.86,-999,90.65,6.242,7.617,157.891
2015-11-02,10:05:00,1028.41,26.75,-999,90.92,6.637,8.123,156.357
2015-11-02,10:35:00,1028.76,26.8,-999,90.11,6.162,7.347,156.508
2015-11-02,11:05:00,1028.53,26.74,-999,90.06,7.529,8.897,159.099
2015-11-02,11:35:00,1028.77,26.85,-999,90.13,6.371,7.733,158.958
2015-11-02,12:05:00,1028.77,26.82,-999,90.17,7.39,8.8,156.25
2015-11-02,12:35:00,1028.96,26.98,-999,89.33,7.617,9.64,158.954
2015-11-02,13:05:00,1029.37,27.11,-999,88.15,7.498,9.29,162.803
2015-11-02,13:35:00,1029.78,27.14,-999,88.89,6.475,8.303,160.913
2015-11-02,14:05:00,1029.93,27.12,-999,89.01,6.201,7.517,165.982
2015-11-02,14:35:00,1029.94,27.15,-999,88.99,6.85,8.093,162.781
2015-11-02,15:05:00,1029.93,27.17,-999,89.48,6.162,7.403,164.108
2015-11-02,15:35:00,1029.97,27.19,-999,89.66,5.757,7.17,162.332
2015-11-02,16:05:00,1029.84,27.26,-999,89.87,5.305,6.317,165.267
2015-11-02,16:35:00,1029.32,27.23,-999,89.95,7.062,8.44,160.034
2015-11-02,17:05:00,1029.26,27.22,-999,90.28,6.638,8.183,160.442
2015-11-02,17:35:00,1028.97,27.23,-999,90.27,6.043,7.287,160.722
2015-11-02,18:05:00,1028.76,27.26,-999,90.02,6.646,8.273,164.335
2015-11-02,18:35:00,1028.71,27.3,-999,89.69,6.458,7.967,174.564
2015-11-02,19:05:00,1028.59,27.35,-999,89.86,6.222,7.65,174.166
2015-11-02,19:35:00,1028.68,27.45,-999,89.61,5.557,6.703,172.045
2015-11-02,20:05:00,1028.79,27.28,-999,90.54,5.256,7.07,168.399
2015-11-02,20:35:00,1028.76,27.68,-999,88.99,4.966,6.07,178.409
2015-11-02,21:05:00,1028.79,27.67,-999,88.68,4.187,5.223,183.569
2015-11-02,21:35:00,1028.89,27.58,-999,86.75,5.354,6.437,184.4
2015-11-02,22:05:00,1028.8,27.34,-999,82.53,3.807,5.143,196.256
2015-11-02,22:35:00,1028.74,27.23,-999,84.94,4.752,5.867,168.007
2015-11-02,23:05:00,1028.73,27.4,-999,81.06,4.507,5.48,180.097
2015-11-02,23:35:00,1029.06,27.51,-999,83.62,3.243,4.097,183.953
2015-11-03,00:05:00,1029.13,27.45,-999,88.51,3.422,4.153,180.453
2015-11-03,00:35:00,1029.28,27.34,-999,89.74,3.593,4.523,176.194
2015-11-03,01:05:00,1029.32,27.28,-999,89.95,2.438,3.26,185.746
2015-11-03,01:35:00,1029.47,27.24,-999,89.83,2.602,3.103,208.103
2015-11-03,05:05:00,1029.01,26.96,-999,92.19,3.02,3.927,132.958
2015-11-03,05:35:00,1029.12,26.73,-999,93.18,4.196,5.503,133.739
2015-11-03,06:05:00,1029.08,26.69,-999,93.54,4.786,6.05,143.428
2015-11-03,06:35:00,1029.14,26.66,-999,92.27,4.225,5.263,151.374
2015-11-03,07:05:00,1029.08,26.82,-999,90.26,3.48,4.233,164.851
2015-11-03,07:35:00,1028.92,26.76,-999,89.82,2.88,3.557,159.352
2015-11-03,08:05:00,1029.1,26.75,-999,89.84,4.092,4.967,153.603
2015-11-03,08:35:00,1029.02,26.75,-999,89.03,4.65,5.84,145.163
2015-11-03,09:05:00,1029.15,26.73,-999,87.31,3.401,4.3,144.728
2015-11-03,09:35:00,1029.12,26.81,-999,89.45,3.298,4.25,115.166
2015-11-03,10:05:00,1029.14,26.38,-999,92.32,5.07,5.957,120.951
2015-11-03,10:35:00,1029.23,26.28,-999,91.96,5.715,6.853,127.025
2015-11-03,11:05:00,1029.33,26.47,-999,89.25,5.189,6.283,138.327
2015-11-03,11:35:00,1029.66,26.77,-999,87.76,4.446,5.497,149.317
2015-11-03,12:05:00,1029.65,26.7,-999,87.02,4.616,5.34,143.823
2015-11-03,12:35:00,1029.89,26.91,-999,86.59,3.988,4.833,135.278
2015-11-03,13:05:00,1030.12,26.96,-999,86.06,4.758,5.627,137.148
2015-11-03,13:35:00,1030.61,27.1,-999,85.52,3.723,4.753,145.483
2015-11-03,14:05:00,1030.85,27.09,-999,85.67,3.485,4.287,142.548
2015-11-03,14:35:00,1031.11,27.29,-999,84.55,2.4,3.187,150.417
2015-11-03,15:05:00,1031.28,27.26,-999,84.78,3.618,4.373,144.722
2015-11-03,15:35:00,1031.37,27.06,-999,86.21,4.616,5.57,147.558
2015-11-03,16:05:00,1031.14,26.75,-999,89.3,4.865,5.88,141.897
2015-11-03,16:35:00,1030.94,26.81,-999,88.45,3.795,4.553,158.96
2015-11-03,17:05:00,1030.74,27.12,-999,84.86,4.032,4.737,162.938
2015-11-03,17:35:00,1030.64,27.07,-999,85.62,4.161,4.92,153.589
2015-11-03,18:05:00,1030.38,27.04,-999,85.6,3.759,4.657,160.089
2015-11-03,18:35:00,1030.09,27.11,-999,84.58,3.428,4.07,162.335
2015-11-03,19:05:00,1029.84,27.19,-999,84,3.067,3.85,160.597
2015-11-03,19:35:00,1029.73,27.31,-999,83.45,2.725,3.84,173.824
2015-11-03,20:05:00,1029.86,27.48,-999,82.45,3.007,3.583,186.441
2015-11-03,20:35:00,1029.92,27.61,-999,81.47,3.021,3.613,201.207
2015-11-03,21:05:00,1030.18,27.79,-999,80.24,2.677,3.307,211.647
2015-11-03,21:35:00,1030.34,27.82,-999,80.26,2.588,3.133,232.888
2015-11-03,22:05:00,1030.28,27.78,-999,79.16,2.828,3.397,234.255
2015-11-03,22:35:00,1030.25,27.45,-999,79.27,2.737,3.533,241.822
2015-11-03,23:05:00,1030.2,27.26,-999,80.84,2.313,3.023,257.517
2015-11-03,23:35:00,1030.34,27.25,-999,82.19,1.671,2.313,287.683
2015-11-04,00:05:00,1030.5,27.25,-999,82.45,1.746,2.257,300.437
2015-11-04,00:35:00,1030.8,27.16,-999,84.36,2.509,3.033,322.167
2015-11-04,01:05:00,1031.1,27.11,-999,85.77,3.025,3.77,352.595
2015-11-04,01:35:00,1031.21,27.09,-999,85.08,3.191,3.857,12.649
2015-11-04,03:05:00,1031.72,26.76,-999,88.87,3.696,4.31,40.737
2015-11-04,03:35:00,1031.71,26.78,-999,89.45,4.128,4.987,45.118
2015-11-04,05:05:00,1031.61,26.86,-999,87.41,5.524,6.47,64.303
2015-11-04,05:35:00,1031.58,26.85,-999,86.82,5.726,6.863,67.699
2015-11-04,06:05:00,1031.35,26.73,-999,85.49,5.727,7.087,61.605
2015-11-04,06:35:00,1031.18,26.78,-999,83.4,6.34,7.603,61.045
2015-11-04,07:05:00,1031.13,26.92,-999,81.73,6.339,7.88,63.545
2015-11-04,07:35:00,1031.16,26.65,-999,84.92,5.274,6.413,79.793
2015-11-04,08:05:00,1031.04,26.55,-999,86.12,5.214,6.33,92.097
2015-11-04,08:35:00,1030.75,26.47,-999,86.36,5.551,6.46,96.494
2015-11-04,09:05:00,1030.73,26.36,-999,88.1,5.298,6.47,98.349
2015-11-04,09:35:00,1030.94,26.16,-999,88.85,5.766,7.047,103.335
2015-11-04,10:05:00,1031.11,26.13,-999,88.43,5.951,6.967,112.3
2015-11-04,10:35:00,1031.27,26.36,-999,87.61,5.488,6.523,113.565
2015-11-04,11:05:00,1031.41,26.43,-999,87.98,5.82,6.83,115.92
2015-11-04,11:35:00,1031.56,26.34,-999,88.67,5.013,6.107,111.466
2015-11-04,12:05:00,1031.83,26.27,-999,89.64,5.599,6.677,109.512
2015-11-04,12:35:00,1031.96,26.27,-999,89.98,5.76,6.707,100.953
2015-11-04,13:05:00,1032.15,26.24,-999,89.98,5.402,6.287,99.786
2015-11-04,13:35:00,1032.53,26.3,-999,90.1,5.613,6.753,100.67
2015-11-04,14:05:00,1032.97,26.17,-999,90.7,5.234,6.293,93.881
2015-11-04,14:35:00,1033.14,25.87,-999,92.35,4.431,5.523,84.726
2015-11-04,15:05:00,1033.29,25.89,-999,92.42,4.265,5.033,73.602
2015-11-04,15:35:00,1033.29,25.99,-999,92.11,4.667,5.96,81.345
2015-11-04,16:05:00,1033.29,26.04,-999,91.79,4.452,5.177,78.366
2015-11-04,16:35:00,1033.12,26.22,-999,91.12,4.316,5.34,85.379
2015-11-04,17:05:00,1032.98,26.42,-999,89.83,3.968,4.763,88.532
2015-11-04,17:35:00,1032.8,26.67,-999,88.47,3.235,4.023,86.546
2015-11-04,18:05:00,1032.48,27,-999,86.83,2.64,3.173,98.775
2015-11-04,18:35:00,1032.22,27.23,-999,85.82,1.747,2.383,77.258
2015-11-04,19:05:00,1031.95,27.54,-999,83.88,1.101,1.547,73.028
2015-11-04,19:35:00,1031.95,28.27,-999,81.1,1.123,1.687,358.378
2015-11-04,20:05:00,1031.69,28.68,-999,78.46,0.389,0.953,289.542
2015-11-04,20:35:00,1031.76,28.74,-999,77.1,0.545,1.537,316.389
2015-11-04,21:05:00,1031.81,28.43,-999,77.84,1.275,1.817,341.16
2015-11-04,21:35:00,1031.52,28.37,-999,78.18,2.124,2.957,339.158
2015-11-04,22:05:00,1031.57,27.97,-999,81.88,3.016,3.577,351.903
2015-11-04,22:35:00,1031.68,27.47,-999,84.77,3.666,4.703,353.913
2015-11-04,23:05:00,1031.68,27.48,-999,83.07,3.582,4.413,353.279
2015-11-04,23:35:00,1031.67,27.65,-999,82.77,3.967,4.683,6.805
2015-11-05,00:05:00,1031.75,27.73,-999,83.8,3.828,4.627,3.263
2015-11-05,00:35:00,1032.13,27.73,-999,83.7,3.838,4.92,15.039
2015-11-05,01:05:00,1032.49,27.47,-999,87.65,5.259,6.183,17.634
2015-11-05,01:35:00,1032.77,27.5,-999,87.68,5.151,6.2,27.183
2015-11-05,03:05:00,1032.83,27.63,-999,84.23,6.15,7.937,82.668
2015-11-05,03:35:00,1032.79,27.41,-999,84.78,6.447,7.673,93.394
2015-11-05,05:05:00,1032.54,27.03,-999,87.26,7.209,8.723,105.931
2015-11-05,05:35:00,1032.52,26.94,-999,87.49,6.969,8.397,112.751
2015-11-05,06:05:00,1032.49,26.9,-999,87.93,6.968,8.233,113.962
2015-11-05,06:35:00,1032.43,26.85,-999,88.64,6.437,7.983,117.421
2015-11-05,07:05:00,1032.28,26.76,-999,89.22,6.076,7.187,114.678
2015-11-05,07:35:00,1032.22,26.61,-999,89.63,5.899,7.337,113.267
2015-11-05,08:05:00,1032.29,26.56,-999,89.55,5.637,6.63,107.724
2015-11-05,08:35:00,1032.25,26.4,-999,90.24,5.788,7.047,103.323
2015-11-05,09:05:00,1032.31,26.24,-999,91.46,6.145,7.593,110.519
2015-11-05,09:35:00,1032.39,26.24,-999,91.38,6.323,7.607,113.74
2015-11-05,10:05:00,1032.63,26.14,-999,91.34,6.143,7.477,110.623
2015-11-05,10:35:00,1032.76,26.17,-999,90.28,5.954,7.073,111.333
2015-11-05,11:05:00,1033.12,26.12,-999,90.02,5.916,7.527,104.741
2015-11-05,11:35:00,1033.46,26.13,-999,90.68,5.716,7.027,96.661
2015-11-05,12:05:00,1033.57,26.05,-999,90.42,6.499,8.06,102.716
2015-11-05,12:35:00,1033.92,26.07,-999,89.08,6.775,7.967,107.055
2015-11-05,13:05:00,1034.07,26.31,-999,86.94,7.054,8.577,109.11
2015-11-05,13:35:00,1034.15,26.47,-999,84.65,6.672,8.207,102.636
2015-11-05,14:05:00,1034.37,26.46,-999,83.65,6.932,8.37,103.729
2015-11-05,14:35:00,1034.43,26.52,-999,83.67,7.187,8.467,106.672
2015-11-05,15:05:00,1034.28,26.56,-999,83.1,6.615,8.367,119.746
2015-11-05,15:35:00,1034.23,26.65,-999,81.97,6.265,7.96,117.946
2015-11-05,16:05:00,1034.1,26.88,-999,81.15,6.046,7.357,115.558
2015-11-05,16:35:00,1033.88,27.09,-999,79.73,5.218,6.32,118.75
2015-11-05,18:05:00,1033.11,27.52,-999,76.33,3.057,3.893,119.666
2015-11-05,18:35:00,1032.69,27.73,-999,75.38,2.527,3.077,115.706
2015-11-05,19:05:00,1032.53,27.95,-999,74.41,2.097,2.913,122.944
2015-11-05,19:35:00,1032.35,28.47,-999,72.45,1.294,1.963,107.998
2015-11-05,20:05:00,1032.08,29.06,-999,69.79,0.856,1.213,62.304
2015-11-05,20:35:00,1032.13,29.06,-999,70.83,0.726,1.443,29.751
2015-11-05,21:05:00,1032.16,28.5,-999,73.74,1.422,2.253,349.504
2015-11-05,21:35:00,1032.2,28.42,-999,74.9,1.701,2.333,331.532
2015-11-05,22:05:00,1032.15,28.45,-999,75.96,1.784,2.507,339.7
2015-11-05,22:35:00,1032.14,27.95,-999,79.38,2.723,3.77,4.337
2015-11-05,23:05:00,1032.32,28.7,-999,71.47,2.759,4.833,89.777
2015-11-05,23:35:00,1032.39,28.38,-999,77.58,3.473,4.227,104.53
2015-11-06,00:05:00,1032.48,28.21,-999,78.76,4.081,4.97,104.789
2015-11-06,00:35:00,1032.75,28.17,-999,78.77,4.524,5.667,95.005
2015-11-06,01:05:00,1033.02,28.21,-999,75.37,5.223,6.473,95.186
2015-11-06,01:35:00,1033.22,27.95,-999,75.5,6.033,7.58,101.408
2015-11-06,05:05:00,1033.21,26.3,-999,81.94,8.158,10.077,102.492
2015-11-06,05:35:00,1033.17,26.08,-999,82.63,8.593,10.287,107.705
2015-11-06,06:05:00,1032.96,26.06,-999,82.97,8.408,10.903,107.449
2015-11-06,06:35:00,1032.72,25.93,-999,83.59,8.438,10.533,106.075
2015-11-06,07:05:00,1032.64,25.98,-999,83.99,7.933,10.383,99.409
2015-11-06,07:35:00,1032.55,25.81,-999,84.03,8.008,9.657,105.142
2015-11-06,08:05:00,1032.56,25.81,-999,84.1,7.848,9.583,104.151
2015-11-06,08:35:00,1032.64,25.83,-999,84.93,7.378,9.253,100.619
2015-11-06,09:05:00,1032.64,25.83,-999,85.01,7.153,8.467,104.011
2015-11-06,09:35:00,1032.64,25.77,-999,84.43,7.384,8.997,101.823
2015-11-06,10:05:00,1032.73,25.76,-999,85.35,7.197,8.527,98.169
2015-11-06,10:35:00,1032.9,25.6,-999,85.52,6.994,8.557,99.403
2015-11-06,11:05:00,1033.04,25.52,-999,85.59,6.883,8.203,100.075
2015-11-06,11:35:00,1033.18,25.63,-999,86,6.891,8.113,93.704
2015-11-06,12:05:00,1033.37,25.68,-999,86.84,6.505,7.81,94.728
2015-11-06,12:35:00,1033.61,25.73,-999,85.22,6.821,8.097,97.102
2015-11-06,13:05:00,1033.85,25.94,-999,84.62,6.879,8.353,96.289
2015-11-06,13:35:00,1034.02,26.15,-999,84.85,6.713,7.98,95.148
2015-11-06,14:05:00,1033.88,26.15,-999,84.37,7.072,8.283,95
2015-11-06,14:35:00,1034.05,26.21,-999,84.69,7.137,8.473,94.52
2015-11-06,15:05:00,1034.26,26.23,-999,84.51,6.486,7.91,100.351
2015-11-06,15:35:00,1034.24,26.34,-999,83.77,5.842,6.813,104.012
2015-11-06,16:05:00,1033.93,26.45,-999,82.76,5.172,6.077,99.732
2015-11-06,16:35:00,1033.56,26.63,-999,81.54,5.043,5.97,98.264
2015-11-06,17:05:00,1033.31,26.88,-999,80.25,4.235,5.003,95.899
2015-11-06,17:35:00,1032.98,27.05,-999,77.99,3.632,4.557,100.155
2015-11-06,18:05:00,1032.6,27.09,-999,77.76,2.925,3.8,104.25
2015-11-06,18:35:00,1032.16,27.24,-999,77.41,2.563,3.233,116.76
2015-11-06,19:05:00,1031.89,27.32,-999,76.63,1.863,2.503,142.372
2015-11-06,19:35:00,1031.69,28.04,-999,73.06,0.404,1.173,116.256
2015-11-06,20:05:00,1031.56,29.09,-999,69.33,0.392,0.933,311.766
2015-11-06,20:35:00,1031.28,28.05,-999,72.97,1.233,1.977,312.715
2015-11-06,21:05:00,1031.28,27.58,-999,76.18,2.166,3.16,320.248
2015-11-06,21:35:00,1031.36,27.49,-999,76.78,3.573,4.47,347.539
2015-11-06,22:05:00,1031.23,27.41,-999,77.9,3.746,4.447,350.13
2015-11-06,22:35:00,1031.28,27.29,-999,78.86,4.122,5.153,352.558
2015-11-06,23:05:00,1031.41,27.49,-999,78.45,3.553,4.51,350.885
2015-11-06,23:35:00,1031.33,27.37,-999,80.43,6.016,7.247,1.923
2015-11-07,05:05:00,1031.79,26.46,-999,81.31,8.977,10.977,114.742
2015-11-07,05:35:00,1031.81,26.26,-999,82.68,8.737,10.013,117.652
2015-11-07,06:05:00,1031.79,26.18,-999,83.17,8.057,9.837,121.68
2015-11-07,06:35:00,1031.61,26.18,-999,83.03,8.184,9.57,122.252
2015-11-07,07:05:00,1031.47,26.09,-999,82.52,7.852,9.583,122.511
2015-11-07,07:35:00,1031.31,25.97,-999,83.63,7.582,9.113,122.684
2015-11-07,08:05:00,1031.19,25.89,-999,85.09,7.387,9.307,121.442
2015-11-07,08:35:00,1031.17,25.74,-999,84.79,6.893,8.557,116.514
2015-11-07,09:05:00,1030.99,25.8,-999,84.13,6.554,7.957,120.432
2015-11-07,09:35:00,1030.89,25.83,-999,84.4,6.516,7.933,118.215
2015-11-07,10:05:00,1030.97,25.84,-999,84.86,6.545,8.06,116.943
2015-11-07,10:35:00,1031.16,25.8,-999,86.65,6.525,7.597,113.715
2015-11-07,12:05:00,1031.81,25.57,-999,87.36,5.729,6.663,109.446
2015-11-07,12:35:00,1032.08,25.79,-999,87.13,5.593,6.973,117.717
2015-11-07,13:05:00,1032.16,25.96,-999,86.96,5.215,6.797,108.204
2015-11-07,13:35:00,1032.14,25.95,-999,87.35,5.307,6.263,106.583
2015-11-07,14:05:00,1032.19,26.01,-999,87.73,6.077,7.993,111.878
2015-11-07,14:35:00,1032.56,25.98,-999,87.91,5.723,6.997,116.296
2015-11-07,15:05:00,1032.5,25.97,-999,88.43,4.936,6.06,120.914
2015-11-07,15:35:00,1032.48,26.16,-999,88.9,4.621,5.487,119.973
2015-11-07,16:05:00,1032.27,26.3,-999,88.48,5.03,5.973,125.113
2015-11-07,16:35:00,1031.95,26.38,-999,88.43,4.326,5.56,128.422
2015-11-07,17:05:00,1031.81,26.57,-999,87.82,4.5,5.38,144.715
2015-11-07,17:35:00,1031.4,26.61,-999,87.54,3.698,4.54,140.811
2015-11-07,18:05:00,1031.07,26.73,-999,87.14,3.519,4.617,143.408
2015-11-07,18:35:00,1030.74,26.91,-999,85.96,3.921,4.68,136.439
2015-11-07,19:05:00,1030.6,27.02,-999,85.23,2.34,3.47,140.105
2015-11-07,19:35:00,1030.39,27.17,-999,84.4,2.554,3.22,166.455
2015-11-07,20:05:00,1030.07,27.26,-999,84.33,2.441,3.16,177.34
2015-11-07,20:35:00,1029.79,27.43,-999,83.86,1.879,2.447,181.223
2015-11-07,21:05:00,1029.8,27.5,-999,83.82,1.864,2.5,190.661
2015-11-07,21:35:00,1029.8,27.81,-999,82.92,1.212,1.69,193.556
2015-11-07,22:05:00,1029.88,27.5,-999,84.1,2.249,3.133,216.167
2015-11-07,22:35:00,1030.2,27.19,-999,84.82,2.203,2.693,223.113
2015-11-07,23:05:00,1030.18,27.01,-999,85.98,2.38,2.863,257.308
2015-11-07,23:35:00,1030.3,26.96,-999,85.39,1.164,1.71,265.294
2015-11-08,00:05:00,1030.51,26.94,-999,85.37,0.363,1.247,43.256
2015-11-08,00:35:00,1030.67,26.87,-999,85.57,0.397,0.97,33.016
2015-11-08,01:05:00,1030.72,26.82,-999,85.63,0.306,0.587,114.331
2015-11-08,01:35:00,1031.03,26.97,-999,86.21,1.822,2.323,79.059
2015-11-08,02:05:00,1031.18,26.95,-999,88.03,3.04,3.833,76.51
2015-11-08,02:35:00,1031.2,26.78,-999,89.28,3.906,4.697,82.612
2015-11-08,05:05:00,1030.73,26.16,-999,86.52,5.48,6.87,113.499
2015-11-08,05:35:00,1030.5,26.17,-999,86,4.712,5.707,116.713
2015-11-08,06:05:00,1030.25,26.36,-999,86.08,4.758,6.267,125.016
2015-11-08,06:35:00,1030.03,26.36,-999,87.4,5.237,6.707,131.244
2015-11-08,07:05:00,1029.75,26.27,-999,87.54,5.001,6.067,127.299
2015-11-08,07:35:00,1029.54,25.98,-999,82.48,5.081,6.57,120.717
2015-11-08,08:05:00,1029.45,26.1,-999,80.97,4.36,5.403,123.501
2015-11-08,08:35:00,1029.23,26.18,-999,85.17,5.925,7.217,127.386
2015-11-08,09:05:00,1029.22,26.12,-999,85.88,5.7,6.85,124.438
2015-11-08,09:35:00,1029.04,26.23,-999,86.04,6.468,7.963,129.805
2015-11-08,10:05:00,1029.18,26.28,-999,85.21,6.113,7.433,128.143
2015-11-08,10:35:00,1029.47,26.24,-999,85.68,5.388,6.437,125.251
2015-11-08,11:05:00,1029.58,26.11,-999,86.52,5.628,6.827,120.745
2015-11-08,11:35:00,1029.79,26.16,-999,87.33,6.685,7.923,127.903
2015-11-08,12:05:00,1029.99,26.14,-999,88.69,6.81,8.217,125.785
2015-11-08,12:35:00,1029.92,26.12,-999,89.86,7.056,8.687,136.126
2015-11-08,13:05:00,1030.28,26.47,-999,89.79,7.159,8.677,133.654
2015-11-08,13:35:00,1030.29,26.61,-999,89.86,6.599,7.683,127.713
2015-11-08,14:05:00,1030.67,26.69,-999,89.85,6.569,7.913,127.873
2015-11-08,14:35:00,1031.07,26.52,-999,90.58,6.533,7.837,129.166
2015-11-08,15:05:00,1031,26.9,-999,87,6.58,8.243,135.69
2015-11-08,15:35:00,1030.93,26.85,-999,88.04,6.749,8.163,134.553
2015-11-08,17:05:00,1030.44,27.15,-999,87.88,6.993,8.343,141.158
2015-11-08,17:35:00,1030.2,27.25,-999,86.93,6.883,8.327,150.871
2015-11-08,18:05:00,1029.74,27.4,-999,85.6,7.087,9.05,156.337
2015-11-08,18:35:00,1029.33,27.21,-999,86.36,6.855,8.113,147.747
2015-11-08,19:05:00,1029.26,27.26,-999,87.24,6.334,7.57,152.597
2015-11-08,19:35:00,1029.14,27.27,-999,86.68,6.483,7.777,157.527
2015-11-08,20:05:00,1028.86,27.3,-999,86.91,6.309,7.77,159.237
2015-11-08,20:35:00,1029.01,27.11,-999,88.42,5.735,7.003,163.866
2015-11-08,21:05:00,1029.31,26.99,-999,87.77,5.486,6.633,172.09
2015-11-08,21:35:00,1029.24,27.17,-999,87.92,4.448,5.887,163.438
2015-11-08,22:05:00,1029.44,27.36,-999,86.6,5.107,6.147,169.701
2015-11-08,22:35:00,1029.49,27.38,-999,87.71,4.987,6.17,176.404
2015-11-08,23:05:00,1029.46,27.23,-999,87,5.583,7.187,193.959
2015-11-08,23:35:00,1029.64,27.03,-999,87.72,3.804,5.257,214.13
2015-11-09,00:05:00,1030.05,26.65,-999,85.83,1.998,3.037,223.941
2015-11-09,00:35:00,1030.35,26.04,-999,86.12,5.619,8.003,296.169
2015-11-09,01:05:00,1030.28,25.29,-999,90.29,2.724,5.367,332.157
2015-11-09,01:35:00,1030.38,25.43,-999,90.35,1.129,2.093,351.515
2015-11-09,02:05:00,1030.52,25.7,-999,90.23,0.581,1.3,78.376
2015-11-09,02:35:00,1030.51,26.14,-999,90.17,2.298,3.033,106.975
2015-11-09,05:05:00,1030.11,27.12,-999,91.15,5.85,7.197,145.094
2015-11-09,05:35:00,1029.91,27.11,-999,90.54,5.872,7.033,153.602
2015-11-09,06:05:00,1029.75,27.19,-999,88.32,6.112,7.283,158.486
2015-11-09,06:35:00,1029.8,27.23,-999,89,5.523,6.927,158.546
2015-11-09,07:05:00,1029.62,27.23,-999,89.06,5.616,7.33,161.972
2015-11-09,07:35:00,1029.43,27.24,-999,88.84,6.205,7.257,163.519
2015-11-09,08:05:00,1029.28,27.21,-999,88.39,5.952,7.12,163.716
2015-11-09,08:35:00,1028.98,27.22,-999,88.38,6.233,7.603,151.975
2015-11-09,09:05:00,1028.77,27.22,-999,87.78,6.175,7.403,155.224
2015-11-09,09:35:00,1028.78,27.3,-999,85.99,6.566,7.9,160.011
2015-11-09,10:05:00,1028.86,27.08,-999,88.72,6.417,8.097,152.628
2015-11-09,10:35:00,1029.06,27.04,-999,89.27,7.149,8.97,156.466
2015-11-09,11:05:00,1029.21,27.01,-999,89.4,7.202,8.56,158.057
2015-11-09,11:35:00,1029.56,27.13,-999,87.93,6.72,8.193,164.291
2015-11-09,12:05:00,1029.74,27.19,-999,87.23,6.727,7.947,161.704
2015-11-09,12:35:00,1030.09,27.2,-999,87.83,6.203,7.993,159.923
2015-11-09,13:05:00,1030.45,27.21,-999,87.84,6.263,7.76,155.45
2015-11-09,13:35:00,1030.68,27.14,-999,87.03,6.918,8.123,155.75
2015-11-09,14:05:00,1030.73,27.23,-999,87.09,7.034,8.43,157.136
2015-11-09,14:35:00,1030.88,27.32,-999,86.3,7.266,8.91,159.609
2015-11-09,15:05:00,1031.1,27.44,-999,85.93,7.152,8.673,156.896
2015-11-09,15:35:00,1031.05,27.35,-999,85.95,7.132,8.857,162.698
2015-11-09,16:05:00,1030.9,27.37,-999,85.63,7.098,8.517,165.156
2015-11-09,16:35:00,1030.83,27.47,-999,83.91,7.191,8.63,167.492
2015-11-09,17:05:00,1030.35,27.61,-999,82.95,7.356,8.75,164.784
2015-11-09,17:35:00,1030.27,27.62,-999,83.28,6.621,8.123,173.839
2015-11-09,18:05:00,1029.8,27.68,-999,82.99,6.609,8.147,172.202
2015-11-09,18:35:00,1029.67,27.62,-999,82.79,6.449,7.5,173.735
2015-11-09,19:05:00,1029.26,27.46,-999,83.78,6.819,8.44,171.885
2015-11-09,19:35:00,1029.53,27.3,-999,84.91,5.599,7.407,183.96
2015-11-09,20:05:00,1029.52,26.99,-999,87.28,5.759,7.35,181.116
2015-11-09,20:35:00,1029.5,26.82,-999,88.36,2.719,3.983,130.601
2015-11-09,21:05:00,1030.1,25.53,-999,88.72,6.064,11.703,207.849
2015-11-09,21:35:00,1030.37,23.03,-999,89.63,2.174,6.897,201.412
2015-11-09,22:05:00,1030.34,23.81,-999,91.65,4.109,4.88,136.113
2015-11-09,22:35:00,1030.22,24.32,-999,92.05,4.095,4.707,103.709
2015-11-09,23:05:00,1030.1,24.93,-999,88.68,2.686,3.643,145.316
2015-11-09,23:35:00,1030,25.31,-999,85.49,2.056,2.703,177.766
2015-11-10,00:05:00,1030.07,25.27,-999,86.52,2.226,2.833,176.798
2015-11-10,00:35:00,1030.01,25.5,-999,86.15,1.944,2.61,202.315
2015-11-10,01:05:00,1029.95,25.75,-999,87.72,3.565,4.34,207.544
2015-11-10,01:35:00,1029.88,26.22,-999,87.47,4.686,5.803,213.888
2015-11-10,05:05:00,1030.01,26.78,-999,85.6,4.533,6.007,252.828
2015-11-10,05:35:00,1030.05,26.8,-999,84.81,4.576,5.57,256.968
2015-11-10,06:05:00,1029.79,26.84,-999,83.04,4.303,5.207,245.8
2015-11-10,06:35:00,1029.72,26.84,-999,84.63,5.418,7.91,277.182
2015-11-10,07:05:00,1029.77,26.55,-999,88.03,3.464,5.08,337.439
2015-11-10,07:35:00,1029.67,25.89,-999,89.9,4.609,5.977,323.512
2015-11-10,08:05:00,1029.68,26.49,-999,85.99,5.499,6.39,310.84
2015-11-10,08:35:00,1029.78,26.14,-999,87.44,6.386,7.513,320.634
2015-11-10,10:05:00,1029.73,25.56,-999,88.17,6.218,7.633,318.318
2015-11-10,10:35:00,1029.87,25.86,-999,86,5.024,6.137,333.145
2015-11-10,11:05:00,1030.34,26.17,-999,82.29,5.1,6.293,316.389
2015-11-10,11:35:00,1030.4,26.18,-999,81.38,5.006,6.223,314.819
2015-11-10,12:05:00,1030.5,26.15,-999,79.98,6.133,7.553,314.851
2015-11-10,12:35:00,1030.76,26.23,-999,78.16,5.338,6.59,313.007
2015-11-10,13:05:00,1030.92,26.18,-999,78.68,5.985,7.22,313.371
2015-11-10,13:35:00,1031.19,26.1,-999,78.65,6.348,7.86,306.608
2015-11-10,14:05:00,1031.54,26.18,-999,76.65,5.961,7.29,307.077
2015-11-10,14:35:00,1031.71,26.11,-999,74.87,5.731,7.093,308.175
2015-11-10,15:05:00,1031.91,26.1,-999,72.99,3.801,4.933,302.972
2015-11-10,15:35:00,1031.86,26.27,-999,70.85,4.512,5.753,312.134
2015-11-10,16:05:00,1031.6,25.96,-999,75.86,5.193,6.493,331.872
2015-11-10,16:35:00,1031.3,25.94,-999,75.28,4.999,6.383,333.136
2015-11-10,17:05:00,1031.02,25.95,-999,74.59,5.066,6.35,337.008
2015-11-10,17:35:00,1030.89,25.75,-999,77.72,4.908,6.223,340.376
2015-11-10,18:05:00,1030.52,25.68,-999,76.42,5.435,6.823,333.7
2015-11-10,18:35:00,1030.32,25.65,-999,77.45,5.02,6.427,337.908
2015-11-10,19:05:00,1030.21,25.68,-999,77.99,5.189,6.427,339.937
2015-11-10,19:35:00,1030.2,25.64,-999,77.93,5.247,6.743,337.368
2015-11-10,20:05:00,1030.2,25.59,-999,77.91,4.958,6.413,340.154
2015-11-10,20:35:00,1030.21,25.64,-999,79.24,6.038,7.43,341.121
2015-11-10,21:05:00,1030.11,25.66,-999,77.94,5.997,7.457,349.513
2015-11-10,21:35:00,1030.06,25.66,-999,79.86,5.59,7.017,359.994
2015-11-10,22:05:00,1030.03,25.58,-999,78.68,6.526,8.423,349.727
2015-11-10,22:35:00,1030.12,25.52,-999,79.34,6.837,8.46,352.022
2015-11-11,00:05:00,1030.53,25.11,-999,82.66,6.618,8.78,351.314
2015-11-11,00:35:00,1030.89,24.95,-999,81.65,6.223,8.19,5.911
2015-11-11,01:05:00,1031.07,25.13,-999,82.34,6.237,8.153,0.099
2015-11-11,01:35:00,1031.05,25.23,-999,81.45,6.639,8.617,4.2
2015-11-11,02:05:00,1031.16,25.14,-999,81.3,6.987,8.84,10.475
2015-11-11,02:35:00,1031.16,25.23,-999,82.34,6.877,8.747,15.915
2015-11-11,03:05:00,1031.36,24.97,-999,82.37,6.503,7.92,12.804
2015-11-11,03:35:00,1031.57,24.97,-999,84.49,5.958,8.14,12.964
2015-11-11,05:05:00,1031.1,24.79,-999,85.63,5.691,7.153,15.319
2015-11-11,05:35:00,1030.86,24.81,-999,86.35,5.239,6.48,35.774
2015-11-11,06:05:00,1030.89,24.73,-999,85.84,5.097,6.507,24.104
2015-11-11,06:35:00,1030.63,24.69,-999,86.6,4.833,6.38,28.888
2015-11-11,08:05:00,1030.32,24.51,-999,87.48,5.139,6.443,34.516
2015-11-11,08:35:00,1030.33,24.5,-999,87.02,5.011,6.113,32.64
2015-11-11,09:05:00,1030.35,24.36,-999,86.61,4.445,5.58,30.813
2015-11-11,09:35:00,1030.37,24.38,-999,86.19,4.69,5.707,34.769
2015-11-11,11:05:00,1030.84,24.52,-999,84.97,4.736,5.96,33.202
2015-11-11,11:35:00,1031.16,24.2,-999,88.63,5.182,6.51,62.588
2015-11-11,12:05:00,1031.38,24.16,-999,88.91,4.91,6.307,59.465
2015-11-11,12:35:00,1031.7,24.2,-999,86.83,4.694,6.683,73.819
2015-11-11,14:05:00,1032.14,24.11,-999,84.48,4.875,6.59,49.728
2015-11-11,14:35:00,1032.52,23.91,-999,84.77,4.546,6.123,57.093
2015-11-11,16:05:00,1032.64,23.67,-999,85.7,3.994,5.967,68.548
2015-11-11,16:35:00,1032.51,23.77,-999,85.29,3.675,5.117,56.655
2015-11-11,17:05:00,1032.13,23.67,-999,84.9,3.228,5.113,61.364
2015-11-11,17:35:00,1031.67,23.7,-999,84.55,3.032,4.753,44.746
2015-11-11,18:05:00,1031.2,23.75,-999,84.35,2.727,4.44,54.532
2015-11-11,18:35:00,1030.98,23.79,-999,84.78,2.54,3.43,40.744
2015-11-11,19:05:00,1030.67,23.78,-999,85.24,3.125,4.35,24.427
2015-11-11,19:35:00,1030.34,24.02,-999,85.55,3.845,5.14,19.089
2015-11-11,20:05:00,1030.03,24.18,-999,85.12,5.135,6.097,6.36
2015-11-11,20:35:00,1030.01,24.63,-999,85.44,5.174,6.39,4.025
2015-11-11,21:05:00,1029.83,24.96,-999,84.74,6.084,7.303,8.158
2015-11-11,21:35:00,1029.79,25.19,-999,83.16,5.949,7.06,8.59
2015-11-11,22:05:00,1029.78,25.38,-999,82.67,5.78,7.157,12.694
2015-11-11,22:35:00,1029.76,25.47,-999,82.95,6.132,7.133,13.329
2015-11-12,00:05:00,1030.36,26.1,-999,81.5,6.058,7.31,24.316
2015-11-12,00:35:00,1030.49,26.14,-999,82,6.254,7.46,20.664
2015-11-12,02:05:00,1030.89,26.67,-999,78.27,5.367,6.2,50.412
2015-11-12,02:35:00,1030.88,27.15,-999,66.94,6.06,7.347,64.246
2015-11-12,05:05:00,1030.47,26.24,-999,82.54,7.518,8.99,123.023
2015-11-12,05:35:00,1030.33,26.1,-999,83.25,7.216,8.42,121.705
2015-11-12,06:05:00,1030.39,26.04,-999,83.53,6.741,8.12,123.683
2015-11-12,06:35:00,1030.41,26.01,-999,82.8,6.437,7.437,126.787
2015-11-12,07:05:00,1030.41,26.01,-999,82.75,6.264,7.303,125.376
2015-11-12,07:35:00,1030.35,25.96,-999,84.08,4.949,6.197,121.322
2015-11-12,08:05:00,1030.36,25.91,-999,85.18,4.232,5.24,120.38
2015-11-12,08:35:00,1030.38,25.86,-999,85.27,3.983,4.943,112.433
2015-11-12,09:05:00,1030.52,25.67,-999,86.47,4.152,4.99,109.031
2015-11-12,09:35:00,1030.63,25.48,-999,86.92,3.911,4.787,118.863
2015-11-12,10:05:00,1030.63,25.44,-999,87.42,3.256,4.007,101.607
2015-11-12,10:35:00,1030.89,25.43,-999,87.36,2.839,3.507,91.942
2015-11-12,11:05:00,1030.95,25.34,-999,87.75,3.524,4.29,84.052
2015-11-12,11:35:00,1031.19,25.3,-999,88.09,3.661,4.503,87.878
2015-11-12,12:05:00,1031.33,25.32,-999,88.07,3.973,4.867,96.858
2015-11-12,12:35:00,1031.43,25.6,-999,87.24,4.329,5.173,98.314
2015-11-12,13:05:00,1031.71,25.81,-999,86.43,4.058,5.05,107.267
2015-11-12,13:35:00,1031.76,25.98,-999,86.31,4.573,5.24,117.751
2015-11-12,14:05:00,1031.75,26.16,-999,85.52,4.917,5.89,129.816
2015-11-12,14:35:00,1031.87,26.37,-999,84.96,4.722,5.483,133.046
2015-11-12,15:05:00,1031.8,26.42,-999,84.96,4.626,5.407,134.716
2015-11-12,15:35:00,1031.75,26.63,-999,85.43,4.2,5.02,136.3
2015-11-12,16:05:00,1031.77,26.81,-999,84.7,3.362,3.993,150.429
2015-11-12,16:35:00,1031.58,26.84,-999,84.27,2.247,3.147,143.308
2015-11-12,17:05:00,1031.41,27.07,-999,82.64,1.762,2.187,155.405
2015-11-12,17:35:00,1031.07,27.05,-999,82.13,2.142,2.657,159.075
2015-11-12,18:05:00,1030.75,26.99,-999,83.48,2,2.687,153.958
2015-11-12,18:35:00,1030.2,27.05,-999,83.02,2.232,3.18,155.367
2015-11-12,19:05:00,1030,27.03,-999,82.67,1.527,2.28,172.668
2015-11-12,19:35:00,1029.75,27.55,-999,80.6,0.666,1.31,178.133
2015-11-12,20:05:00,1029.79,27.73,-999,78.51,0.908,1.42,155.017
2015-11-12,20:35:00,1029.53,27.77,-999,78.29,1.21,1.873,200.025
2015-11-12,21:05:00,1029.45,27.88,-999,77.27,1.465,2.03,216.965
2015-11-12,21:35:00,1029.45,27.89,-999,77.55,1.443,2.153,240.973
2015-11-12,22:05:00,1029.4,27.5,-999,79.09,1.842,2.437,237.306
2015-11-12,22:35:00,1029.4,27.04,-999,82.09,2.398,3.17,250.542
2015-11-12,23:05:00,1029.48,26.86,-999,83.63,2.126,2.693,283.149
2015-11-12,23:35:00,1029.67,26.84,-999,84.45,2.664,3.43,313.332
2015-11-13,00:05:00,1030.05,26.84,-999,84.44,3.184,3.857,330.992
2015-11-13,00:35:00,1030.28,26.86,-999,84.25,2.793,3.54,1.423
2015-11-13,05:05:00,1030.76,26.46,-999,75.82,4.373,5.41,43.762
2015-11-13,05:35:00,1030.46,26.54,-999,74.39,4.687,5.503,37.648
2015-11-13,07:05:00,1030.09,26.31,-999,76.17,4.25,5.487,47.864
2015-11-13,07:35:00,1029.8,26.26,-999,75.84,4.176,5.107,36.472
2015-11-13,08:05:00,1029.81,26.33,-999,75.58,3.557,4.287,29.829
2015-11-13,08:35:00,1029.68,26.36,-999,77.05,4.168,5.067,32.543
2015-11-13,10:05:00,1029.68,26.01,-999,75.9,6.06,7.567,38.382
2015-11-13,10:35:00,1029.86,25.91,-999,75.88,5.209,6.597,41.4
2015-11-13,11:05:00,1030.09,25.76,-999,77.17,6.134,7.72,43.783
2015-11-13,11:35:00,1030.36,25.82,-999,78.36,5.603,6.893,38.57
2015-11-13,13:05:00,1031.28,26.18,-999,68.52,6.208,7.347,33.79
2015-11-13,13:35:00,1031.36,26.08,-999,74.28,5.991,7.263,35.121
2015-11-13,15:05:00,1031.72,25.93,-999,79.99,5.953,7.33,31.699
2015-11-13,15:35:00,1031.61,25.77,-999,82.41,6.474,7.73,39.002
2015-11-13,17:05:00,1031.05,25.67,-999,80.48,6.53,7.997,34.716
2015-11-13,17:35:00,1030.86,25.61,-999,81.28,6.771,8.21,35.85
2015-11-13,18:05:00,1030.56,25.66,-999,80.25,6.679,7.977,23.138
2015-11-13,18:35:00,1030.13,25.84,-999,78.89,6.544,7.883,22.66
2015-11-13,22:05:00,1029.75,26.08,-999,72.58,7.791,9.423,6.28
2015-11-13,22:35:00,1029.95,25.86,-999,77.27,8.676,10.163,3.929
2015-11-14,07:05:00,1031.82,24.02,-999,71.15,9.603,11.553,48.068
2015-11-14,07:35:00,1031.87,23.91,-999,73.27,10.021,12.123,46.24
2015-11-14,08:05:00,1032.02,23.35,-999,71.65,9.947,12.763,52.685
2015-11-14,08:35:00,1032.21,23.18,-999,60.85,10.748,12.527,49.699
2015-11-14,13:05:00,1034.01,21.5,-999,66.22,10.496,13.353,62.056
2015-11-14,13:35:00,1034.33,21.56,-999,66.6,9.747,11.89,56.926
2015-11-14,14:05:00,1034.43,21.34,-999,67.41,10.111,12.523,48.473
2015-11-14,14:35:00,1034.7,21.27,-999,69.33,9.55,11.827,57.138
2015-11-14,15:05:00,1034.73,21.61,-999,69.55,9.426,12.053,61.546
2015-11-14,15:35:00,1034.74,21.81,-999,69.29,8.961,10.813,58.949
2015-11-14,16:05:00,1034.73,22,-999,69.29,8.872,11.41,62.809
2015-11-14,16:35:00,1034.39,22.13,-999,69.26,9.061,10.997,62.41
2015-11-14,17:05:00,1034.16,22.56,-999,69.27,8.605,10.493,66.566
2015-11-14,17:35:00,1034,22.88,-999,69.14,8.539,10.35,63.619
2015-11-14,18:05:00,1033.79,23.43,-999,67.03,7.749,9.787,65.01
2015-11-14,18:35:00,1033.61,24.08,-999,65.98,7.188,9.283,67.154
2015-11-14,19:05:00,1033.45,24.38,-999,65.57,6.782,8.787,61.85
2015-11-14,19:35:00,1033.38,24.67,-999,63.46,7.047,8.74,60.042
2015-11-14,22:05:00,1033.61,25.68,-999,58.58,8.479,10.183,63.786
2015-11-14,22:35:00,1033.94,25.74,-999,59.76,8.078,10.097,61.016
2015-11-14,23:05:00,1033.86,25.7,-999,58.63,7.96,10.057,59.92
2015-11-14,23:35:00,1033.85,25.68,-999,60.28,8.281,10.037,56.66
2015-11-15,00:05:00,1034.08,25.55,-999,60.52,9.312,11.767,62.813
2015-11-15,00:35:00,1034.39,25.12,-999,63.05,9.912,12.137,56.088
2015-11-15,01:05:00,1034.57,24.98,-999,66.96,9.993,12.183,69.113
2015-11-15,01:35:00,1034.91,24.71,-999,68.1,10.642,12.96,75.967
2015-11-15,02:05:00,1035.03,24.36,-999,68.79,12.045,14.837,75.577
2015-11-15,02:35:00,1035.19,24.29,-999,67.72,11.285,14.017,81.951
2015-11-15,03:05:00,1035.32,24.3,-999,67.57,10.742,13.453,83.345
2015-11-15,03:35:00,1035.27,24.2,-999,68.51,10.353,12.97,79.618
2015-11-15,05:05:00,1035.41,23.83,-999,70.63,9.712,12.213,68.848
2015-11-15,05:35:00,1035.06,23.44,-999,71.53,9.432,11.273,64.728
2015-11-15,06:05:00,1035.1,23.26,-999,73.7,9.504,11.623,65.615
2015-11-15,06:35:00,1034.79,23.07,-999,75.12,9.431,11.537,71.718
2015-11-15,08:05:00,1034.63,23.19,-999,75.52,9.952,11.853,73.945
2015-11-15,08:35:00,1034.74,23.41,-999,74.66,10.45,12.597,80.552
2015-11-15,09:05:00,1034.68,23.52,-999,74.01,10.677,12.953,82.613
2015-11-15,09:35:00,1034.7,23.6,-999,73.39,10.814,13.18,82.055
2015-11-15,10:05:00,1034.48,23.45,-999,74.93,10.876,13.333,76.139
2015-11-15,10:35:00,1034.75,23.38,-999,74.55,10.738,13.483,78.572
2015-11-15,11:05:00,1035.19,23.32,-999,73.81,11.465,13.617,74.355
2015-11-15,11:35:00,1035.19,23.25,-999,75.45,11.481,14.27,75.091
2015-11-15,12:05:00,1035.37,23.08,-999,75.06,11.77,14.277,75.465
2015-11-15,12:35:00,1035.27,23,-999,75.21,12.053,14.377,76.429
2015-11-15,13:05:00,1035.58,23.25,-999,74.55,11.49,14.147,76.181
2015-11-15,13:35:00,1035.89,23.42,-999,73.76,11.126,13.973,76.669
2015-11-15,14:05:00,1036.1,23.67,-999,72.77,11.384,14.413,75.828
2015-11-15,14:35:00,1036.31,23.72,-999,72.87,10.894,13.407,77.164
2015-11-15,15:05:00,1036.48,23.78,-999,71.77,10.897,13.6,81.431
2015-11-15,15:35:00,1036.43,24.01,-999,72.24,10.059,13.243,82.212
2015-11-15,16:05:00,1036.48,24.22,-999,72.16,9.383,11.923,83.012
2015-11-15,16:35:00,1036.27,24.65,-999,71.68,9.338,11.983,89.932
2015-11-15,17:05:00,1035.73,24.86,-999,70.77,9.682,11.687,90.021
2015-11-15,17:35:00,1035.38,24.89,-999,71.16,9.406,11.687,89.374
2015-11-15,18:05:00,1035.21,24.94,-999,70.87,9.147,11.34,87.125
2015-11-15,18:35:00,1034.9,25.22,-999,70,9.132,11.103,92.21
2015-11-15,19:05:00,1034.45,25.33,-999,69.99,8.445,10.413,84.762
2015-11-15,19:35:00,1034.4,25.41,-999,69.7,8.892,10.77,85.23
2015-11-15,20:05:00,1034.49,25.44,-999,69.27,8.359,10.097,83.138
2015-11-15,20:35:00,1034.22,25.42,-999,69.56,9.824,11.99,93.405
2015-11-15,21:05:00,1034.04,25.47,-999,69.18,9.685,12.243,92.887
2015-11-15,21:35:00,1034.18,25.39,-999,70.1,9.97,12.193,88.606
2015-11-15,22:05:00,1034.39,25.33,-999,69.9,9.529,12.373,89.579
2015-11-15,22:35:00,1034.63,25.22,-999,69.49,9.545,11.52,81.821
2015-11-15,23:05:00,1034.51,25.12,-999,69.63,9.649,11.713,82.553
2015-11-15,23:35:00,1034.75,24.98,-999,69.59,10.074,12.133,80.804
2015-11-16,00:05:00,1035.07,24.93,-999,69.68,9.261,11.46,83.715
2015-11-16,00:35:00,1035.21,24.88,-999,71.04,9.256,11.35,84.872
2015-11-16,01:05:00,1035.21,24.81,-999,71.21,9.599,12.077,83.771
2015-11-16,01:35:00,1034.94,24.72,-999,71.56,10.26,12.463,82.341
2015-11-16,05:05:00,1034.66,24.38,-999,74.76,8.877,10.933,80.481
2015-11-16,05:35:00,1034.69,24.31,-999,74.02,8.759,11.553,76.357
2015-11-16,06:05:00,1034.61,24.08,-999,74.85,8.299,10.637,80.587
2015-11-16,06:35:00,1034.39,24.11,-999,75.43,8.222,10.043,83.504
2015-11-16,07:05:00,1034.04,24.1,-999,75.73,8.79,11.087,93.649
2015-11-16,07:35:00,1033.93,24.14,-999,76.14,8.473,10.607,98.413
2015-11-16,08:05:00,1033.58,24.47,-999,76.18,8.5,11.28,103.216
2015-11-16,08:35:00,1033.45,24.48,-999,75.64,8.904,10.503,100.46
2015-11-16,09:05:00,1033.45,24.37,-999,76.67,8.397,10.32,103.794
2015-11-16,09:35:00,1033.45,24.27,-999,76.52,7.927,9.333,95.16
2015-11-16,10:05:00,1033.38,23.93,-999,79.77,7.654,9.567,94.091
2015-11-16,10:35:00,1033.46,24.11,-999,76.86,7.361,9.083,94.029
2015-11-16,11:05:00,1033.53,24.16,-999,76.89,7.657,9.263,94.652
2015-11-16,11:35:00,1033.9,24.09,-999,76.88,7.205,8.9,100.967
2015-11-16,12:05:00,1033.97,24.24,-999,76.24,7.419,9.143,100.138
2015-11-16,12:35:00,1034.38,24.52,-999,74.67,7.021,8.637,85.488
2015-11-16,13:05:00,1034.61,24.62,-999,73.48,6.801,8.473,87.007
2015-11-16,13:35:00,1034.82,24.62,-999,73.23,6.553,8.097,90.905
2015-11-16,14:05:00,1034.8,24.69,-999,74.52,6.574,8.29,89.775
2015-11-16,14:35:00,1034.92,24.79,-999,74.38,7.178,8.8,98.813
2015-11-16,15:05:00,1034.9,24.89,-999,74.18,7.324,9.143,96.418
2015-11-16,15:35:00,1034.59,24.93,-999,74.37,7.331,8.8,99.258
2015-11-16,16:05:00,1034.51,25.29,-999,74.39,6.857,8.58,97.011
2015-11-16,16:35:00,1034.27,25.67,-999,72.46,7.098,8.82,106.085
2015-11-16,17:05:00,1033.88,25.94,-999,70.67,6.909,8.203,104.492
2015-11-16,17:35:00,1033.52,26.12,-999,69.78,6.051,7.373,103.244
2015-11-16,18:05:00,1032.93,26.29,-999,69.36,5.608,6.897,98.899
2015-11-16,18:35:00,1032.63,26.37,-999,69.42,4.239,5.36,97.268
2015-11-16,19:05:00,1032.37,26.55,-999,68.24,4.245,5.053,93.748
2015-11-16,19:35:00,1032.08,26.71,-999,69.48,3.35,4.333,86.545
2015-11-16,20:05:00,1031.95,26.84,-999,69.14,3.136,3.94,77.204
2015-11-16,20:35:00,1031.63,26.98,-999,70.42,3.269,4.223,69.116
2015-11-16,21:05:00,1031.63,27.22,-999,65.87,4.207,4.907,86.133
2015-11-16,21:35:00,1031.41,27.18,-999,67.2,3.898,4.657,78.011
2015-11-16,22:05:00,1031.37,27.13,-999,70.2,3.51,4.557,82.305
2015-11-16,22:35:00,1031.18,27.04,-999,70.31,4.42,5.44,79.49
2015-11-16,23:05:00,1031.12,26.99,-999,70.07,5.12,7.313,94.01
2015-11-16,23:35:00,1031.51,26.96,-999,70.16,5.932,7.297,91.001
2015-11-17,00:05:00,1031.64,26.86,-999,69.66,6.959,8.597,95.205
2015-11-17,00:35:00,1031.58,26.64,-999,70.31,7.856,9.477,96.161
2015-11-17,01:05:00,1031.9,26.39,-999,71.08,7.32,8.703,88.473
2015-11-17,01:35:00,1032.01,26.29,-999,71.2,8.546,10.41,96.929
2015-11-17,05:05:00,1031.59,24.65,-999,81.05,9.918,12.37,87.883
2015-11-17,05:35:00,1031.32,24.56,-999,80.72,9.684,12.067,98.383
2015-11-17,06:05:00,1031.2,24.3,-999,82.89,9.499,11.743,102.024
2015-11-17,06:35:00,1030.88,23.96,-999,84.72,9.178,11.19,103.717
2015-11-17,07:05:00,1030.61,23.95,-999,86.11,8.481,9.917,105.535
2015-11-17,07:35:00,1030.37,23.72,-999,87.28,9.277,11.793,96.424
2015-11-17,08:05:00,1030.2,23.9,-999,86.78,8.046,9.873,93.223
2015-11-17,08:35:00,1029.92,23.9,-999,86.27,7.646,9.113,93.669
2015-11-17,09:05:00,1029.77,23.93,-999,87.4,7.923,9.617,94.755
2015-11-17,09:35:00,1029.83,23.71,-999,87.91,8.02,9.943,91.585
2015-11-17,10:05:00,1029.79,23.79,-999,88.4,8.413,10.267,95.465
2015-11-17,10:35:00,1030,23.78,-999,88.54,9.064,10.947,97.668
2015-11-17,11:05:00,1030.17,23.92,-999,88.13,9.273,11.307,97.987
2015-11-17,11:35:00,1030.46,23.95,-999,89.05,8.558,11.04,96.832
2015-11-17,12:05:00,1030.56,24.04,-999,89.3,8.971,11.013,94.899
2015-11-17,12:35:00,1030.77,24.09,-999,88.4,9.17,10.877,97.608
2015-11-17,13:05:00,1030.93,24.37,-999,87.54,8.929,10.637,91.885
2015-11-17,13:35:00,1031.16,24.3,-999,87.17,8.949,10.777,94.752
2015-11-17,14:05:00,1031.26,24.69,-999,86.18,9.345,11.197,97.889
2015-11-17,14:35:00,1031.58,24.77,-999,85.13,9.152,10.96,105.583
2015-11-17,15:05:00,1031.47,24.95,-999,84.57,8.952,10.737,109.446
2015-11-17,15:35:00,1031.39,25.13,-999,83.34,8.555,10.367,112.211
2015-11-17,16:05:00,1030.98,25.47,-999,81.55,8.781,10.77,114.442
2015-11-17,16:35:00,1030.36,25.9,-999,79.57,8.827,10.647,118.075
2015-11-17,17:05:00,1029.83,26.27,-999,78.41,7.853,9.483,122.906
2015-11-17,17:35:00,1029.49,26.4,-999,77.85,7.421,8.863,119.255
2015-11-17,18:05:00,1029.09,26.51,-999,78.35,7.061,8.673,118.215
2015-11-17,18:35:00,1028.76,26.87,-999,77.58,6.906,8.39,124.731
2015-11-17,19:05:00,1028.34,27.03,-999,77.21,6.458,8.193,124.609
2015-11-17,19:35:00,1028.32,27.17,-999,77.49,5.321,6.257,118.542
2015-11-17,20:05:00,1028.35,27.45,-999,76.93,6.001,7.087,125.132
2015-11-17,20:35:00,1028.44,27.49,-999,76.99,6.358,8.153,120.887
2015-11-17,21:05:00,1028.35,27.56,-999,74.58,6.654,8.887,114.412
2015-11-17,21:35:00,1028.46,27.55,-999,75.99,6.115,7.383,113.875
2015-11-17,22:05:00,1028.49,27.46,-999,74.17,8.113,10.267,120.54
2015-11-17,22:35:00,1028.61,27.12,-999,76.61,6.285,7.62,116.226
2015-11-17,23:05:00,1028.73,27.02,-999,77.06,6.292,8.127,107.342
2015-11-17,23:35:00,1028.9,26.93,-999,77.09,6.686,8.043,100.066
2015-11-18,00:05:00,1029.33,26.99,-999,75.35,7.533,9.343,103.505
2015-11-18,00:35:00,1029.62,27.01,-999,72.94,9.617,13.533,111.646
2015-11-18,01:05:00,1029.78,26.13,-999,78.42,8.339,10.327,108.676
2015-11-18,01:35:00,1029.83,26.35,-999,77.15,8.807,10.8,111.159
2015-11-18,02:05:00,1029.78,26.29,-999,76.97,9.409,11.823,112.121
2015-11-18,02:35:00,1029.89,26.1,-999,78.23,10.622,13.437,117.232
2015-11-18,05:05:00,1030.03,25.39,-999,84.55,9.446,11.333,118.018
2015-11-18,05:35:00,1029.82,25.28,-999,84.8,9.291,11.51,112.045
2015-11-18,06:05:00,1029.39,25.22,-999,85.45,9.88,11.927,117.143
2015-11-18,06:35:00,1029.23,25.13,-999,86.03,9.683,11.3,114.745
2015-11-18,07:05:00,1029.07,25.12,-999,85.83,9.603,12.27,116.779
2015-11-18,07:35:00,1028.88,25.11,-999,86.27,9.847,12.66,117.862
2015-11-18,08:05:00,1028.87,25.08,-999,85.75,10.008,11.95,117.218
2015-11-18,08:35:00,1028.81,25.03,-999,86.15,9.865,12.34,115.771
2015-11-18,09:05:00,1028.81,25.05,-999,85.49,9.931,11.79,118.496
2015-11-18,09:35:00,1028.81,25.26,-999,85.72,9.569,11.76,118.42
2015-11-18,10:05:00,1028.87,25.13,-999,85.68,10.583,12.943,117.144
2015-11-18,10:35:00,1029,25.19,-999,86.43,10.197,12.797,120.457
2015-11-18,11:05:00,1029.44,25.16,-999,86.92,10.328,12.307,120.336
2015-11-18,11:35:00,1029.81,25.1,-999,87.65,9.51,11.967,123.125
2015-11-18,12:05:00,1029.92,25.15,-999,88.41,9.185,11.04,123.678
2015-11-18,12:35:00,1030.06,25.15,-999,87.97,8.816,10.973,125.872
2015-11-18,13:05:00,1030.05,25.41,-999,87.5,8.687,11.273,124.498
2015-11-18,13:35:00,1029.99,25.5,-999,87.3,9.29,12.047,131.22
2015-11-18,15:05:00,1029.93,25.94,-999,86.43,9.79,11.857,129.913
2015-11-18,15:35:00,1029.57,26.16,-999,85.47,10.374,12.933,134.949
2015-11-18,16:05:00,1029.32,26.25,-999,84.94,10.359,12.977,135.332
2015-11-18,16:35:00,1029.32,26.37,-999,85.01,9.248,11.57,140.686
2015-11-18,17:05:00,1028.93,26.57,-999,84.42,9.205,11.673,139.771
2015-11-18,17:35:00,1028.73,26.86,-999,83.34,7.839,10.457,143.277
2015-11-18,18:05:00,1028.52,27.05,-999,80.88,8.805,11.34,147.428
2015-11-18,18:35:00,1028.34,27.09,-999,80.84,8.123,10.403,148.204
2015-11-18,19:05:00,1028.31,27.22,-999,81.32,6.916,8.213,151.966
2015-11-18,19:35:00,1028.2,27.17,-999,81.95,6.195,7.537,157.333
2015-11-18,20:05:00,1028.09,27.23,-999,82.31,5.976,7.467,163.783
2015-11-18,20:35:00,1028.02,27.17,-999,83.33,5.712,7.017,167.728
2015-11-18,21:05:00,1027.95,27.09,-999,83.22,6.378,7.873,166.71
2015-11-18,21:35:00,1027.89,27.28,-999,81.77,6.633,8.157,167.711
2015-11-18,22:05:00,1028.05,27.22,-999,82.75,6.662,8.43,171.591
2015-11-18,22:35:00,1028.3,27.19,-999,83.1,6.892,8.917,178.083
2015-11-18,23:05:00,1028.5,27.14,-999,84.24,6.729,8.23,185.588
2015-11-18,23:35:00,1028.92,27.07,-999,85.41,5.968,7.53,187.435
2015-11-19,00:05:00,1029.29,27.09,-999,85.36,5.461,7.08,181.185
2015-11-19,00:35:00,1029.29,27.15,-999,85.28,5.473,6.497,176.435
2015-11-19,05:05:00,1029.48,26.76,-999,86.89,6.861,8.64,145.971
2015-11-19,05:35:00,1029.46,26.64,-999,86.4,7.177,8.97,135.521
2015-11-19,06:05:00,1029.35,26.61,-999,85.83,8.267,10.367,140.056
2015-11-19,06:35:00,1029.44,26.47,-999,86.77,7.33,9.353,141.029
2015-11-19,07:05:00,1029.18,26.28,-999,88.04,8.569,10.467,141.636
2015-11-19,07:35:00,1028.88,26.14,-999,88.88,9.186,11.923,142.468
2015-11-19,08:05:00,1028.86,26.05,-999,89.17,9.575,12.003,144.819
2015-11-19,08:35:00,1028.76,26.1,-999,89.78,9.22,11.363,145.924
2015-11-19,09:05:00,1028.98,26.03,-999,90.12,8.425,10.89,146.448
2015-11-19,09:35:00,1029.35,26.09,-999,90.9,7.922,9.693,152.069
2015-11-19,10:05:00,1029.58,26.05,-999,90.66,7.84,9.573,152.828
2015-11-19,10:35:00,1029.82,26.16,-999,90.57,6.939,8.877,152.933
2015-11-19,11:05:00,1030.19,26.23,-999,90.65,6.529,8,156.475
2015-11-19,11:35:00,1030.47,26.25,-999,90.67,6.13,7.357,157.387
2015-11-19,12:05:00,1030.69,26.36,-999,89.48,6.952,8.343,161.137
2015-11-19,12:35:00,1030.87,26.48,-999,88.86,6.619,8.067,156.068
2015-11-19,13:05:00,1030.91,26.51,-999,88.02,7.645,8.907,151.179
2015-11-19,13:35:00,1031.09,26.6,-999,88.11,7.097,8.96,152.251
2015-11-19,14:05:00,1031.29,26.49,-999,88.92,6.659,8.203,156.062
2015-11-19,14:35:00,1031.69,26.5,-999,89.11,5.845,6.94,153.588
2015-11-19,15:05:00,1031.75,26.46,-999,89.5,5.041,6.64,146.769
2015-11-19,15:35:00,1031.69,26.45,-999,89.93,5.826,7.173,150.376
2015-11-19,16:05:00,1031.6,26.51,-999,90.12,6.256,7.157,152.298
2015-11-19,16:35:00,1031.25,26.54,-999,89.79,5.664,6.743,141.347
2015-11-19,17:05:00,1030.96,26.28,-999,91.19,5.603,6.567,145.401
2015-11-19,17:35:00,1030.59,26.37,-999,91.05,4.977,6.23,147.909
2015-11-19,18:05:00,1030.3,26.31,-999,91.36,5.189,6.223,157.04
2015-11-19,18:35:00,1029.72,26.19,-999,91.72,5.752,6.977,150.879
2015-11-19,19:05:00,1029.71,26.23,-999,91.65,5.239,6.663,161.594
2015-11-19,19:35:00,1029.49,26.29,-999,91.48,4.644,5.63,165.99
2015-11-19,20:05:00,1029.57,26.31,-999,91.45,4.1,5.747,166.283
2015-11-19,20:35:00,1029.45,26.3,-999,91.36,4.435,5.19,162.089
2015-11-19,21:05:00,1029.29,26.33,-999,91.57,4.788,5.863,154.032
2015-11-19,21:35:00,1029.63,26.38,-999,91.19,3.907,4.867,161.032
2015-11-19,22:05:00,1030.17,25.56,-999,90.64,3.83,7.967,253.972
2015-11-19,22:35:00,1030.7,24,-999,93.34,5.829,8.11,349.441
2015-11-19,23:05:00,1030.68,23.8,-999,94.58,6.425,7.727,344.23
2015-11-19,23:35:00,1031.11,23.31,-999,94.87,5.679,6.63,18.309
2015-11-20,00:05:00,1030.84,24.03,-999,90.99,4.857,6.183,102.312
2015-11-20,00:35:00,1030.63,25.32,-999,80.93,2.964,5.457,97.936
2015-11-20,03:05:00,1030.47,25.96,-999,82.45,4.66,5.747,126.781
2015-11-20,03:35:00,1030.93,25.89,-999,83.18,3.131,3.893,104.988
2015-11-20,04:05:00,1030.79,25.6,-999,88.04,4.895,6.003,82.337
2015-11-20,04:35:00,1030.38,25.47,-999,91.63,5.607,7.06,102.19
2015-11-20,05:05:00,1031.02,25.39,-999,91.43,3.14,4.63,63.725
2015-11-20,05:35:00,1030.71,25.27,-999,91.01,4.071,5.25,58.918
2015-11-20,07:05:00,1030.36,25.07,-999,87.66,5.282,6.62,43.716
2015-11-20,07:35:00,1030,24.98,-999,90.41,6.048,7.33,39.081
2015-11-20,08:05:00,1029.82,25.08,-999,90.83,4.649,5.637,51.993
2015-11-20,08:35:00,1029.78,25.08,-999,89.38,3.778,4.567,71.284
2015-11-20,10:05:00,1029.55,25.38,-999,87.58,3.419,4.26,33.253
2015-11-20,10:35:00,1029.79,25.36,-999,87.65,3.423,4.29,41.416
2015-11-20,11:05:00,1029.82,25.15,-999,88.83,5.896,7.21,35.375
2015-11-20,11:35:00,1030.02,25.15,-999,88.72,6.086,7.497,39.179
2015-11-20,12:05:00,1030.36,24.86,-999,90.21,6.425,7.943,43.137
2015-11-20,12:35:00,1030.49,24.7,-999,89.73,6.632,8.507,50.421
2015-11-20,13:05:00,1030.85,24.62,-999,89.58,5.923,7.273,66.4
2015-11-20,13:35:00,1030.89,24.45,-999,90.31,6.409,7.797,68.064
2015-11-20,14:05:00,1031.12,24.02,-999,91.18,6.634,8.007,65.009
2015-11-20,14:35:00,1031.16,23.78,-999,91.89,6.272,8.107,64.17
2015-11-20,15:05:00,1031.16,23.85,-999,91.09,6.664,8.787,73.62
2015-11-20,15:35:00,1031.16,23.96,-999,89.78,7.006,8.533,80.304
2015-11-20,16:05:00,1030.91,24.11,-999,89.34,6.717,8.413,64.883
2015-11-20,16:35:00,1030.71,24.15,-999,88.28,7.131,8.84,70.036
2015-11-20,17:05:00,1030.35,24.35,-999,87.54,6.854,8.383,71.135
2015-11-20,17:35:00,1030.1,24.56,-999,87.42,6.122,7.287,64.796
2015-11-20,18:05:00,1029.72,24.65,-999,87.3,5.987,7.547,64.049
2015-11-20,18:35:00,1029.52,24.74,-999,85.11,4.82,6.03,57.298
2015-11-20,19:05:00,1029.28,24.87,-999,83.1,4.819,5.66,39.697
2015-11-20,19:35:00,1028.91,24.93,-999,82.89,5.056,6.077,42
2015-11-20,20:05:00,1028.8,25.34,-999,81.99,5.714,7.203,43.743
2015-11-20,20:35:00,1028.42,25.15,-999,84.82,6.326,7.437,35.197
2015-11-20,22:05:00,1028.44,25.62,-999,81.04,6.993,8.507,31.945
2015-11-20,22:35:00,1028.64,25.79,-999,80.29,7.022,8.64,38.783
2015-11-20,23:05:00,1028.91,25.88,-999,79.63,6.999,8.153,40.58
2015-11-20,23:35:00,1029.21,26.04,-999,79.07,6.6,7.773,43.4
2015-11-21,05:05:00,1029.35,25.06,-999,83.57,8.229,9.853,94.578
2015-11-21,05:35:00,1028.91,24.86,-999,83.73,8.402,9.877,104.637
2015-11-21,06:05:00,1028.64,24.78,-999,85.11,7.463,8.97,102.892
2015-11-21,06:35:00,1028.48,24.6,-999,85.51,7.095,8.583,91.715
2015-11-21,07:05:00,1028.29,24.48,-999,85.38,7.206,8.6,94.715
2015-11-21,07:35:00,1028.14,24.36,-999,86.03,6.998,8.557,91.164
2015-11-21,08:05:00,1028.21,24.38,-999,86.1,6.3,7.747,95.536
2015-11-21,08:35:00,1028.07,24.23,-999,86.8,6.102,7.283,95.561
2015-11-21,09:05:00,1028.02,24.2,-999,87.36,5.731,7.053,89.648
2015-11-21,09:35:00,1028.07,24.36,-999,88.18,4.887,6.173,93.735
2015-11-21,10:05:00,1028.21,24.39,-999,88.5,4.482,5.457,84.605
2015-11-21,10:35:00,1027.93,24.25,-999,88.54,4.863,5.88,91.743
2015-11-21,11:05:00,1027.94,24.2,-999,89.01,5.53,6.893,80.062
2015-11-21,11:35:00,1028.02,24.13,-999,89.64,5.618,7.58,82.783
2015-11-21,12:05:00,1028.23,24.18,-999,90.06,5.892,6.92,69.288
2015-11-21,12:35:00,1028.54,24.21,-999,90.29,6.097,7.533,72.974
2015-11-21,13:05:00,1028.88,24.37,-999,90.57,5.503,6.823,99.367
2015-11-21,13:35:00,1029.39,24.45,-999,90.36,5.107,6.52,98.874
2015-11-21,14:05:00,1029.62,24.57,-999,90.34,5.042,6.003,103.341
2015-11-21,14:35:00,1029.67,24.67,-999,90.35,5.218,6.41,117.034
2015-11-21,15:05:00,1029.82,24.68,-999,90.28,4.341,5.243,106.083
2015-11-21,15:35:00,1029.71,24.69,-999,90.29,4.311,5.56,104.934
2015-11-21,16:05:00,1029.42,24.68,-999,90.47,4.251,5.027,115.918
2015-11-21,16:35:00,1029.15,24.83,-999,90.14,4.089,5.043,126.88
2015-11-21,17:05:00,1028.87,24.87,-999,89.59,3.343,4.317,137.371
2015-11-21,17:35:00,1028.44,25.02,-999,88.99,3.594,4.577,136.018
2015-11-21,18:05:00,1028.13,25.08,-999,87.69,3.739,4.683,144.517
2015-11-21,18:35:00,1027.93,25.09,-999,87.14,2.334,3.243,148.782
2015-11-21,19:05:00,1027.54,25.09,-999,87.36,1.874,2.833,145.348
2015-11-21,19:35:00,1027.27,25.11,-999,86.99,1.299,1.857,71.207
2015-11-21,20:05:00,1027,25.11,-999,87.69,2.303,3.31,38.364
2015-11-21,20:35:00,1026.59,24.98,-999,87.59,2.654,3.523,31.968
2015-11-21,21:05:00,1026.26,25.02,-999,88.3,3.119,3.873,39.57
2015-11-21,21:35:00,1026.33,24.75,-999,89.64,2.668,3.51,76.78
2015-11-21,22:05:00,1026.6,24.81,-999,89.36,2.573,3.25,96.558
2015-11-21,22:35:00,1026.6,24.85,-999,89.67,2.982,4.423,131.889
2015-11-21,23:05:00,1026.6,25.1,-999,87.11,2.903,3.823,133.259
2015-11-21,23:35:00,1026.46,25.14,-999,86.64,2.11,2.807,132.963
2015-11-22,00:05:00,1026.73,25.19,-999,86.19,1.071,1.613,221.044
2015-11-22,00:35:00,1026.86,25.27,-999,86.1,1.382,1.863,309.854
2015-11-22,01:05:00,1027.13,25.12,-999,87.28,1.86,2.497,36.508
2015-11-22,01:35:00,1027.13,24.93,-999,87.57,2.083,3.127,35.197
2015-11-22,05:05:00,1026.62,24,-999,85.1,1.71,2.577,355.407
2015-11-22,05:35:00,1026.52,24.12,-999,83.99,1.824,2.543,19.116
2015-11-22,06:05:00,1026.21,24.48,-999,80.42,1.824,2.543,19.116
2015-11-22,06:35:00,1026.11,24.54,-999,81.6,2.372,3.047,11.074
2015-11-22,07:05:00,1025.64,24.56,-999,81.83,3.07,0,44.2
2015-11-22,07:35:00,1025.52,24.24,-999,85.25,3.582,4.67,74.396
2015-11-22,08:05:00,1025.31,24.19,-999,85.98,2.591,3.65,88.883
2015-11-22,08:35:00,1025.14,24.29,-999,86.71,4.39,5.757,106.698
2015-11-22,09:05:00,1025.13,23.97,-999,87.41,4.17,5.23,114.631
2015-11-22,09:35:00,1024.96,24.01,-999,88.69,4.075,5.017,107.622
2015-11-22,10:05:00,1024.85,24,-999,87.81,2.713,3.747,100.645
2015-11-22,10:35:00,1025.01,24.18,-999,86.37,2.188,2.95,77.011
2015-11-22,11:05:00,1025.37,22.57,-999,89.03,5.591,6.647,335.548
2015-11-22,11:35:00,1025.51,21.91,-999,90.78,1.071,3.843,21.325
2015-11-22,12:05:00,1025.71,22.03,-999,92.14,2.556,3.44,14.511
2015-11-22,12:35:00,1026.06,22.17,-999,89.96,2.659,3.587,22.044
2015-11-22,13:05:00,1026.1,22.77,-999,86.58,2.683,3.46,66.967
2015-11-22,13:35:00,1026.46,23.04,-999,86.66,2.268,2.987,24.795
2015-11-22,14:05:00,1026.33,23.81,-999,84.47,1.795,2.41,41.235
2015-11-22,14:35:00,1026.58,23.54,-999,86.06,1.199,2.61,66.161
2015-11-22,15:05:00,1027.06,24,-999,84.27,1.263,2.08,95.543
2015-11-22,15:35:00,1027.07,24.19,-999,82.07,1.145,1.917,89.618
2015-11-22,16:05:00,1026.5,24.25,-999,82.2,1.011,1.68,83.641
2015-11-22,16:35:00,1026.49,24.13,-999,82.18,1.151,2.043,54.632
2015-11-22,17:05:00,1026.24,24.05,-999,83.69,2.153,3.273,33.931
2015-11-22,17:35:00,1026.08,23.71,-999,85.95,3.705,4.74,22.093
2015-11-22,18:05:00,1025.99,24,-999,82.81,3.552,5.047,12.966
2015-11-22,18:35:00,1025.86,24.12,-999,78.84,2.878,3.94,0.765
2015-11-22,19:05:00,1025.72,24.29,-999,79.15,3.632,5.16,10.369
2015-11-22,19:35:00,1025.52,23.61,-999,86.73,7.351,8.983,16.418
2015-11-22,22:05:00,1026.64,23.86,-999,83.18,10.461,13.01,5.633
2015-11-22,22:35:00,1026.94,23.74,-999,80.94,9.861,12.31,9.004
2015-11-22,23:05:00,1027.33,23.72,-999,80.99,9.226,11.54,9.487
2015-11-22,23:35:00,1027.64,23.54,-999,81.25,9.415,12.253,13.659
2015-11-23,01:05:00,1028.85,22.86,-999,84.6,8.662,11.05,20.563
2015-11-23,01:35:00,1029.05,23.37,-999,78.02,8.53,10.157,25.947
2015-11-23,08:05:00,1030.66,19.68,-999,72.87,10.228,12.293,32.096
2015-11-23,08:35:00,1030.8,19.46,-999,72.39,10.072,12.283,30.381
2015-11-23,09:05:00,1031.12,19.25,-999,73.59,9.679,12.69,31.568
2015-11-23,09:35:00,1031.18,18.43,-999,75.23,9.688,12.113,30.663
2015-11-23,14:05:00,1034.04,16.97,-999,65.51,8.322,10.967,40.7
2015-11-23,14:35:00,1034.4,17.6,-999,63.54,8.494,10.517,40.773
2015-11-23,15:05:00,1034.66,17.63,-999,65.3,8.706,10.977,40.467
2015-11-23,15:35:00,1034.74,17.64,-999,66.04,8.827,11.443,38.269
2015-11-24,00:05:00,1034.26,20.32,-999,45.66,8.38,10.78,53.028
2015-11-24,00:35:00,1034.66,20.07,-999,44.88,8.848,11.097,60.054
2015-11-24,07:05:00,1035.12,17.76,-999,78.71,11.236,13.373,59.506
2015-11-24,07:35:00,1034.93,17.76,-999,79.82,11.263,14.187,57.654
2015-11-24,08:05:00,1034.89,17.64,-999,80.64,11.093,14.25,59.375
2015-11-24,08:35:00,1034.95,17.68,-999,81.88,11.003,14.143,57.595
2015-11-24,10:05:00,1034.87,17.72,-999,79.56,11.21,13.717,58.86
2015-11-24,10:35:00,1035.03,17.75,-999,80.94,10.8,13.373,59.88
2015-11-24,11:05:00,1035.03,18,-999,80.05,11.295,13.643,63.027
2015-11-24,11:35:00,1035.32,18.38,-999,80.36,10.851,13.307,64.023
2015-11-24,12:05:00,1035.35,18.78,-999,77.24,11.486,14.683,67.751
2015-11-24,12:35:00,1035.59,19.26,-999,76.35,11.271,13.593,67.764
2015-11-24,13:05:00,1035.73,19.27,-999,74.68,11.683,14.31,71.718
2015-11-24,13:35:00,1035.9,19.36,-999,73.12,11.319,13.62,71.404
2015-11-24,14:05:00,1036.11,19.82,-999,72.52,11.499,14.087,74.918
2015-11-24,14:35:00,1036.2,20.22,-999,69.88,11.489,14.74,74.105
2015-11-24,15:05:00,1036.39,20.35,-999,69.01,11.388,13.853,74.869
2015-11-24,15:35:00,1036.53,20.57,-999,68.51,10.76,13.283,76.569
2015-11-24,16:05:00,1036.38,20.9,-999,67.02,10.743,12.963,77.627
2015-11-24,16:35:00,1036.32,21.51,-999,66.14,9.439,12.053,79.025
2015-11-24,17:05:00,1035.81,21.91,-999,62.28,9.476,11.81,82.279
2015-11-24,17:35:00,1035.27,22.19,-999,61.88,9.28,11.673,85.688
2015-11-24,18:05:00,1034.79,22.42,-999,60.58,9.387,11.763,82.217
2015-11-24,18:35:00,1034.75,22.57,-999,57.84,8.653,11.157,79.602
2015-11-24,19:05:00,1034.26,22.61,-999,59.61,8.658,10.95,73.06
2015-11-24,19:35:00,1034.13,22.83,-999,59.54,8.928,11.43,74.423
2015-11-24,20:05:00,1033.98,23.02,-999,57.42,8.77,11.447,76.863
2015-11-24,20:35:00,1034.14,23.18,-999,56.85,8.709,10.807,79.166
2015-11-24,21:05:00,1034.28,23.25,-999,57.48,9.257,11.44,74.782
2015-11-24,21:35:00,1034.55,23.07,-999,56.92,9.886,12.377,84.805
2015-11-24,22:05:00,1034.54,23.26,-999,56.25,9.082,11.643,90.477
2015-11-24,22:35:00,1034.6,23.06,-999,57.57,9.391,11.443,77.907
2015-11-24,23:05:00,1034.78,22.77,-999,56.64,10.117,12.133,73.419
2015-11-24,23:35:00,1035,22.68,-999,57.3,10.278,12.913,83.229
2015-11-25,00:05:00,1035.31,22.26,-999,60.81,10.608,12.967,74.858
2015-11-25,00:35:00,1035.46,21.83,-999,66.3,11.116,13.86,74.965
2015-11-25,01:05:00,1035.76,21.44,-999,68.81,11.728,14.25,73.147
2015-11-25,01:35:00,1036.28,21.54,-999,67.74,11.129,14.327,77.006
2015-11-25,02:05:00,1036.56,21.39,-999,65.68,11.003,13.72,66.303
2015-11-25,02:35:00,1036.56,21.35,-999,67.48,9.999,12.38,70.927
2015-11-25,05:05:00,1036.28,21.41,-999,69.22,10.192,12.537,70.872
2015-11-25,05:35:00,1035.94,21.27,-999,70.04,10.53,12.743,62.981
2015-11-25,06:05:00,1036.05,20.88,-999,73.99,10.215,12.477,63.148
2015-11-25,06:35:00,1036.06,21.28,-999,72.3,10.345,12.033,61.911
2015-11-25,09:05:00,1035.58,21.23,-999,73.83,9.931,12.29,68.836
2015-11-25,09:35:00,1035.35,21.19,-999,73.69,10.395,12.947,69.859
2015-11-25,10:05:00,1035.47,21.12,-999,74.36,9.867,12.31,76.369
2015-11-25,10:35:00,1035.7,21.4,-999,73.28,10.512,12.65,72.703
2015-11-25,11:05:00,1035.93,21.15,-999,76.84,10.307,12.807,70.94
2015-11-25,11:35:00,1036.05,21.27,-999,76.41,10.406,12.287,73.418
2015-11-25,12:05:00,1036.24,21.35,-999,75.93,9.708,11.577,68.371
2015-11-25,12:35:00,1036.36,21.59,-999,76.21,10.602,12.437,69.242
2015-11-25,13:05:00,1036.67,21.64,-999,76.32,10.275,12.593,69.175
2015-11-25,13:35:00,1036.84,21.85,-999,75.49,9.654,11.703,73.161
2015-11-25,14:05:00,1037.01,21.76,-999,76.68,9.664,11.56,72.017
2015-11-25,14:35:00,1037.34,21.85,-999,75.91,9.194,11.047,72.826
2015-11-25,15:05:00,1037.35,22.29,-999,74.15,8.858,11.413,73.016
2015-11-25,15:35:00,1037.62,22.63,-999,74.56,8.476,10.453,77.246
2015-11-25,16:05:00,1037.61,22.98,-999,71.41,8.044,9.54,75.833
2015-11-25,16:35:00,1037.44,23.34,-999,69.45,7.62,9.647,75.338
2015-11-25,17:05:00,1037.05,23.96,-999,68.06,7.499,9.387,84.03
2015-11-25,17:35:00,1036.66,24.34,-999,66.05,8.435,9.997,92.162
2015-11-25,18:05:00,1036.28,24.71,-999,64.37,7.738,9.653,98.599
2015-11-25,18:35:00,1035.86,24.84,-999,61.91,7.461,9.007,87.174
2015-11-25,19:05:00,1035.76,24.86,-999,63.39,6.734,7.857,87.625
2015-11-25,19:35:00,1035.65,24.63,-999,67.45,8.12,10.13,74.794
2015-11-25,20:05:00,1035.64,24.91,-999,66,7.888,11.153,71.562
2015-11-25,20:35:00,1035.64,24.13,-999,69.78,9.851,12.707,77.761
2015-11-25,21:05:00,1035.81,24.56,-999,68.29,9.159,11.527,74.232
2015-11-25,21:35:00,1035.81,24.46,-999,68.17,9.937,12.36,74.344
2015-11-25,22:05:00,1035.98,24.48,-999,69.44,9.395,11.933,77.066
2015-11-25,22:35:00,1036.12,24.24,-999,71.17,8.854,10.963,70.565
2015-11-25,23:05:00,1036.43,24.39,-999,69.93,9.499,11.707,76.783
2015-11-25,23:35:00,1036.67,24.48,-999,66.92,10.117,12.557,79.017
2015-11-26,00:05:00,1037.09,24.26,-999,66.02,10.248,12.613,79.733
2015-11-26,00:35:00,1037.28,23.98,-999,68.59,10.054,12.313,75.741
2015-11-26,05:05:00,1038.16,22.19,-999,79.75,10.338,12.417,80.628
2015-11-26,05:35:00,1037.98,22.14,-999,79.18,10.39,13.11,75.876
2015-11-26,06:05:00,1037.85,22.33,-999,77.17,11.374,13.757,77.648
2015-11-26,06:35:00,1037.94,21.97,-999,81.07,10.152,12.397,72.309
2015-11-26,07:05:00,1037.73,21.9,-999,81.49,10.213,12.723,71.67
2015-11-26,07:35:00,1037.57,22.03,-999,80.46,9.721,11.42,72.787
2015-11-26,09:05:00,1037.48,21.76,-999,83.67,9.688,11.477,57.189
2015-11-26,09:35:00,1037.51,21.74,-999,82.42,9.848,12.083,57.627
2015-11-26,10:05:00,1037.56,21.67,-999,81.45,10.16,12.43,58.842
2015-11-26,10:35:00,1037.74,21.7,-999,82.05,9.623,12.15,59.411
2015-11-26,11:05:00,1037.99,21.71,-999,82.46,9.719,12.327,63.577
2015-11-26,11:35:00,1038.1,21.73,-999,82.44,9.995,12.697,62.656
2015-11-26,12:05:00,1038.44,21.79,-999,82.86,10.102,12.033,63.419
2015-11-26,12:35:00,1038.64,21.99,-999,81.89,10.384,12.483,64.429
2015-11-26,13:05:00,1038.83,22.24,-999,82.17,10.131,12.367,63.315
2015-11-26,13:35:00,1038.95,22.2,-999,81.67,10.254,12.47,63.738
2015-11-26,14:05:00,1039.33,22.36,-999,80.61,9.897,12.137,66.639
2015-11-26,14:35:00,1039.49,22.77,-999,80.21,9.591,11.88,67.342
2015-11-26,15:05:00,1039.55,22.86,-999,80.38,9.724,11.963,69.756
2015-11-26,15:35:00,1039.49,23.23,-999,78.27,9.801,12.173,71.386
2015-11-26,16:05:00,1039.33,23.28,-999,78.91,9.319,11.17,69.496
2015-11-26,16:35:00,1039.05,23.83,-999,79.02,7.559,9.817,74.02
2015-11-26,17:05:00,1038.64,24.61,-999,71.89,8.572,10.807,84.229
2015-11-26,17:35:00,1038.39,24.91,-999,70.51,8.079,10.377,93.208
2015-11-26,18:05:00,1037.92,25.09,-999,68.79,7.774,9.56,85.058
2015-11-26,18:35:00,1037.66,24.99,-999,70.75,7.246,9.147,72.885
2015-11-26,19:05:00,1037.37,24.94,-999,72.04,7.158,8.597,70.327
2015-11-26,19:35:00,1036.98,24.72,-999,72.86,9.67,11.713,74.312
2015-11-26,20:05:00,1036.78,25.07,-999,70.71,8.712,10.97,84.822
2015-11-26,20:35:00,1036.75,25.4,-999,66.13,8.302,10.21,84.72
2015-11-26,21:05:00,1036.75,25.57,-999,64.51,8.373,10.48,80.82
2015-11-26,21:35:00,1036.72,25.55,-999,64.63,8.58,10.793,88.978
2015-11-26,22:05:00,1036.99,25.44,-999,65.88,8.243,10.237,87.165
2015-11-26,22:35:00,1037.07,25.43,-999,61.7,9.368,11.543,89.018
2015-11-26,23:05:00,1037.21,25.11,-999,65.85,7.946,9.617,75.963
2015-11-26,23:35:00,1037.41,24.84,-999,67.21,9.23,11.877,70.895
2015-11-27,00:05:00,1037.54,24.52,-999,68.93,9.712,11.817,73.237
2015-11-27,00:35:00,1037.58,23.5,-999,73.75,9.981,12.013,67.449
2015-11-27,01:05:00,1037.71,23.62,-999,73.47,9.78,12.247,71.111
2015-11-27,01:35:00,1037.59,23.48,-999,75.26,9.268,11.047,68.82
2015-11-27,05:05:00,1037.99,22.65,-999,80.88,8.868,10.857,62.555
2015-11-27,05:35:00,1037.85,22.37,-999,82.18,8.671,10.51,59.174
2015-11-27,07:05:00,1037.07,21.87,-999,86.66,9.696,11.4,62.34
2015-11-27,07:35:00,1037.02,22.3,-999,83.3,9.209,11.043,63.716
2015-11-27,08:05:00,1036.91,22.27,-999,83.11,9.082,10.843,64.823
2015-11-27,08:35:00,1037.05,22.25,-999,84.01,9.829,14.087,78.458
2015-11-27,09:05:00,1036.67,22.07,-999,83.89,8.305,10.487,74.263
2015-11-27,09:35:00,1036.58,22.07,-999,83.42,8.416,9.767,68.982
2015-11-27,10:05:00,1036.31,22.14,-999,83.32,8.827,10.44,72.618
2015-11-27,10:35:00,1036.49,22.12,-999,83.5,8.965,10.4,67.33
2015-11-27,12:05:00,1036.73,21.89,-999,84.27,9.828,11.95,65.46
2015-11-27,12:35:00,1037.05,22.15,-999,83.42,9.886,11.69,65.977
2015-11-27,13:05:00,1037.19,22.44,-999,80.95,9.758,12.093,70.476
2015-11-27,13:35:00,1037.37,22.7,-999,79.54,9.895,12.39,75.679
2015-11-27,14:05:00,1037.37,22.86,-999,78.66,9.72,11.87,75.771
2015-11-27,14:35:00,1037.37,22.81,-999,78.07,9.651,11.797,74.838
2015-11-27,15:05:00,1037.36,22.84,-999,77.83,8.909,11.153,71.215
2015-11-27,15:35:00,1037.25,22.86,-999,77.64,8.067,10.04,67.405
2015-11-27,16:05:00,1036.95,23.14,-999,76.7,7.696,9.327,63.528
2015-11-27,16:35:00,1036.63,23.52,-999,75.04,6.729,8.303,64.199
2015-11-27,18:05:00,1035.66,23.74,-999,78.44,5.98,6.967,24.168
2015-11-27,18:35:00,1035.28,23.8,-999,79.65,5.32,6.327,27.612
2015-11-27,20:05:00,1034.39,24.53,-999,72.96,5.64,6.773,34.849
2015-11-27,20:35:00,1034.09,24.69,-999,75.45,4.668,5.643,31.782
2015-11-27,21:05:00,1033.88,24.67,-999,74.77,4.888,6.27,33.993
2015-11-27,21:35:00,1033.87,24.86,-999,74.77,5.213,7.477,46.295
2015-11-27,23:05:00,1034.32,24.82,-999,71.23,6.916,8.093,68.242
2015-11-27,23:35:00,1034.64,24.77,-999,71.72,6.879,8.563,63.6
2015-11-28,05:05:00,1035.07,22.75,-999,75.88,8.618,10.28,64.955
2015-11-28,05:35:00,1034.78,22.75,-999,76.59,8.769,10.54,64.132
2015-11-28,06:05:00,1034.39,22.5,-999,78.93,8.313,9.867,62.332
2015-11-28,06:35:00,1034.27,22.05,-999,82.25,8.224,9.48,62.828
2015-11-28,08:05:00,1034.24,22.14,-999,82.61,7.531,9.137,57.306
2015-11-28,08:35:00,1034.01,21.98,-999,83.62,7.733,9.07,58.604
2015-11-28,10:05:00,1034.14,21.68,-999,84.96,8.324,10.003,56.066
2015-11-28,10:35:00,1034.06,21.56,-999,85.47,7.949,9.397,59.641
2015-11-28,11:05:00,1034.24,21.39,-999,87.06,7.588,9.023,60.199
2015-11-28,11:35:00,1034.45,21.47,-999,86.24,7.403,8.677,59.494
2015-11-28,12:05:00,1034.52,21.4,-999,86.28,7.646,9.11,57.549
2015-11-28,12:35:00,1034.64,21.49,-999,85.45,7.556,8.723,63.646
2015-11-28,13:05:00,1034.82,21.91,-999,83.89,7.597,9.143,57.476
2015-11-28,13:35:00,1034.8,21.85,-999,83.75,7.458,8.84,62.233
2015-11-28,14:05:00,1034.9,21.92,-999,81.8,7.533,8.993,63.87
2015-11-28,14:35:00,1035.03,21.82,-999,82.75,6.991,8.617,60.924
2015-11-28,15:05:00,1035.19,21.98,-999,81.24,6.635,8.473,59.64
2015-11-28,15:35:00,1035.03,21.94,-999,80.52,6.376,7.617,56.599
2015-11-28,16:05:00,1034.84,22.06,-999,80.02,6.11,7.633,49.114
2015-11-28,16:35:00,1034.82,22.35,-999,77.37,6.63,7.96,45.461
2015-11-28,17:05:00,1034.57,22.07,-999,83.73,6.401,7.633,28.913
2015-11-28,17:35:00,1034.22,22.11,-999,84.15,6.268,7.33,21.917
2015-11-28,19:05:00,1033.08,22.98,-999,77.65,6.659,7.997,23.532
2015-11-28,19:35:00,1032.83,23.25,-999,74.93,6.712,7.853,23.233
2015-11-28,21:05:00,1032.51,24.13,-999,70.31,6.203,7.663,23.782
2015-11-28,21:35:00,1032.47,23.53,-999,76.41,6.177,7.247,19.445
2015-11-28,23:05:00,1032.57,23.05,-999,82.75,7.769,9.053,4.243
2015-11-28,23:35:00,1032.76,23.02,-999,82.49,7.368,8.813,4.38
2015-11-29,05:05:00,1033.93,22.41,-999,73.69,7.558,9.597,71.644
2015-11-29,05:35:00,1033.73,22.09,-999,76.7,7.833,9.313,63.197
2015-11-29,06:05:00,1033.73,21.95,-999,78.42,7.677,9.357,60.378
2015-11-29,06:35:00,1033.56,21.92,-999,78.83,7.892,9.44,62.55
2015-11-29,08:05:00,1033.28,21.6,-999,81.42,6.748,8.483,48.221
2015-11-29,08:35:00,1033.18,21.56,-999,83.24,6.635,7.81,49.028
2015-11-29,09:05:00,1033.32,21.38,-999,83.74,7.347,8.84,50.962
2015-11-29,09:35:00,1033.12,21.16,-999,85.21,7.696,9.41,51.211
2015-11-29,10:05:00,1033.05,21.1,-999,84.85,7.508,8.713,56.482
2015-11-29,10:35:00,1033.05,21.04,-999,85.19,7.541,9.217,57.549
2015-11-29,11:05:00,1033.16,21.13,-999,85.45,7.83,9.183,54.927
2015-11-29,11:35:00,1033.44,21.1,-999,85.12,7.884,9.54,57.873
2015-11-29,12:05:00,1033.67,20.96,-999,85.98,8.099,9.44,50.883
2015-11-29,12:35:00,1033.82,21.14,-999,85.91,8.533,10.313,51.071
2015-11-29,13:05:00,1033.82,21.34,-999,83.9,9.034,10.827,59.281
2015-11-29,13:35:00,1033.98,21.51,-999,83.19,8.397,10.347,58.169
2015-11-29,14:05:00,1033.89,21.62,-999,82.93,7.379,8.61,61.55
2015-11-29,14:35:00,1033.92,21.87,-999,80.58,6.483,8.05,64.875
2015-11-29,15:05:00,1034.05,21.93,-999,79.62,6.529,7.857,64.532
2015-11-29,15:35:00,1033.91,21.94,-999,79.2,6.194,7.82,58.137
2015-11-29,16:05:00,1033.63,21.93,-999,80.06,5.463,6.423,58.169
2015-11-29,16:35:00,1033.39,22.22,-999,77.52,5.368,6.553,61.418
2015-11-29,17:05:00,1033.04,22.55,-999,77.7,4.714,6.033,51.918
2015-11-29,17:35:00,1032.53,22.8,-999,76.16,5.215,6.21,52.828
2015-11-29,18:05:00,1032.23,23,-999,77.78,4.609,5.59,35.342
2015-11-29,18:35:00,1031.88,22.6,-999,80.52,5.035,5.89,25.606
2015-11-29,20:05:00,1031,23.46,-999,76.12,5.974,7.153,20.401
2015-11-29,20:35:00,1030.89,23.66,-999,74.9,5.782,7.06,16.273
2015-11-29,22:05:00,1030.92,23.47,-999,79.52,5.903,6.92,10.576
2015-11-29,22:35:00,1030.93,23.37,-999,80.97,5.854,7.373,6.803
2015-11-29,23:05:00,1030.93,23.32,-999,81.61,6.757,8.273,7.011
2015-11-29,23:35:00,1031.16,23.3,-999,82.92,6.737,8.12,6.008
2015-11-30,00:05:00,1031.32,23.25,-999,84,5.785,7.103,12.271
2015-11-30,00:35:00,1031.51,23.29,-999,84.24,5.87,7.407,9.499
2015-11-30,01:05:00,1031.56,23.27,-999,85.1,5.806,7.253,14.076
2015-11-30,01:35:00,1031.62,23.63,-999,81.12,5.657,6.973,48.833
2015-11-30,02:05:00,1031.87,23.63,-999,80.11,6.156,8.703,67.002
2015-11-30,02:35:00,1031.97,23.28,-999,80.48,6.79,8.207,68.553
2015-11-30,03:05:00,1031.8,22.96,-999,82.12,7.422,8.743,73.114
2015-11-30,03:35:00,1031.7,22.73,-999,83.67,6.736,8.02,75.78
2015-11-30,05:05:00,1031.33,22.61,-999,80.06,6.834,8.52,84.961
2015-11-30,05:35:00,1031.3,22.32,-999,82.17,6.072,7.06,77.596
2015-11-30,06:05:00,1031.03,22.15,-999,83.04,5.867,7.047,77.337
2015-11-30,06:35:00,1031.03,22.08,-999,82.79,5.901,7.157,73.535
2015-11-30,08:05:00,1030.75,21.48,-999,88.9,6.195,7.213,51.973
2015-11-30,08:35:00,1030.76,21.31,-999,88.71,6.589,7.873,54.493
2015-11-30,11:05:00,1031.33,21.27,-999,88.31,6.121,7.357,52.963
2015-11-30,11:35:00,1031.59,21.46,-999,87.29,6.374,7.533,54.573
2015-11-30,13:05:00,1032.14,21.96,-999,82.49,7.373,8.843,63.536
2015-11-30,13:35:00,1031.93,22.25,-999,80.76,7.593,9.483,80.181
2015-11-30,14:05:00,1031.98,22.45,-999,80.32,7.43,9.163,90.896
2015-11-30,14:35:00,1032.45,22.57,-999,79.98,6.712,8.093,90.887
2015-11-30,15:05:00,1032.47,22.7,-999,80.22,6.189,7.29,93.193
2015-11-30,15:35:00,1032.49,22.82,-999,79.96,5.963,6.887,92.606
2015-11-30,16:05:00,1032.49,22.83,-999,80.7,4.906,6.387,81.697
2015-11-30,16:35:00,1032.1,22.92,-999,78.75,4.536,5.403,78.532
2015-11-30,17:05:00,1031.78,23.03,-999,79.26,3.619,4.357,75.269
2015-11-30,17:35:00,1031.24,23.13,-999,79.21,3.262,3.867,57.62
2015-11-30,18:05:00,1030.78,23.21,-999,79.22,3.213,3.77,44.827
2015-11-30,18:35:00,1030.42,23.3,-999,79.77,3.245,3.89,33.801
2015-11-30,19:05:00,1030.21,22.83,-999,85.33,3.99,4.583,17.231
2015-11-30,19:35:00,1029.82,22.92,-999,85.26,3.457,4.147,17.065
2015-11-30,20:05:00,1029.82,23.29,-999,84.92,4.187,5.093,7.024
2015-11-30,20:35:00,1029.79,23.4,-999,84.12,5.623,6.49,4.101
2015-11-30,21:05:00,1029.82,23.77,-999,82.11,5.102,6.097,8.889
2015-11-30,21:35:00,1029.95,24.02,-999,81.59,4.496,5.47,11.376
2015-11-30,22:05:00,1030.09,24.08,-999,81.87,4.183,5.06,23.24
2015-11-30,22:35:00,1029.95,23.77,-999,84.87,5.853,7.273,7.843
2015-11-30,23:05:00,1030.18,23.59,-999,85.06,6.38,7.823,5.266
2015-11-30,23:35:00,1030.33,23.51,-999,85.38,6.881,8.273,6.824
